Mooring Name,Latitude,Longitude,Date,Time,xCO2 SW (wet) (umol/mol),CO2 SW QF,H2O SW (mmol/mol),xCO2 Air (wet) (umol/mol),CO2 Air QF,H2O Air (mmol/mol),Licor Atm Pressure (hPa),Licor Temp (C),MAPCO2 %O2,SST (C),Salinity,xCO2 SW (dry) (umol/mol),xCO2 Air (dry) (umol/mol),fCO2 SW (sat) uatm,fCO2 Air (sat) uatm,dfCO2,pCO2 SW (sat) uatm,pCO2 Air (sat) uatm,dpCO2
CRIMP1_158W_21N,21.428,-157.788,1/16/2008,6:16,359.1,2,11.64,381.8,2,9.06,1016.3,22.6,98.98,-999,-999,363.3,385.3,-999,-999,-999,-999,-999,-999
CRIMP1_158W_21N,21.428,-157.788,1/16/2008,9:16,366.7,2,11.49,382.1,2,9.45,1016.9,22.5,99.23,-999,-999,371,385.7,-999,-999,-999,-999,-999,-999
CRIMP1_158W_21N,21.428,-157.788,1/16/2008,12:16,375,2,11.68,382.2,2,9.46,1016.3,22.4,99.13,-999,-999,379.4,385.9,-999,-999,-999,-999,-999,-999
CRIMP1_158W_21N,21.428,-157.788,1/16/2008,15:16,401.1,2,11.43,382.1,2,9.66,1015.6,22.4,98.74,-999,-999,405.8,385.8,-999,-999,-999,-999,-999,-999
CRIMP1_158W_21N,21.428,-157.788,1/16/2008,18:16,390,2,11.68,381.8,2,9.4,1016.5,22.4,98.5,-999,-999,394.7,385.5,-999,-999,-999,-999,-999,-999
CRIMP1_158W_21N,21.428,-157.788,1/16/2008,21:16,381.3,2,12.93,381.6,2,10.35,1016.2,22.6,98.45,-999,-999,386.3,385.6,-999,-999,-999,-999,-999,-999
CRIMP1_158W_21N,21.428,-157.788,1/17/2008,0:16,362.2,2,13.63,381.1,2,10.96,1013.9,23.1,98.93,-999,-999,367.2,385.4,-999,-999,-999,-999,-999,-999
CRIMP1_158W_21N,21.428,-157.788,1/17/2008,3:16,339.6,2,12.67,381.7,2,9.92,1014.4,23.7,99.66,-999,-999,344,385.6,-999,-999,-999,-999,-999,-999
CRIMP1_158W_21N,21.428,-157.788,1/17/2008,6:16,346.2,2,12.09,381.6,2,9.9,1016.5,23.7,99.95,-999,-999,350.4,385.5,-999,-999,-999,-999,-999,-999
CRIMP1_158W_21N,21.428,-157.788,1/17/2008,9:16,357.2,2,11.94,381.3,2,10.32,1016.7,23.5,100.15,-999,-999,361.5,385.3,-999,-999,-999,-999,-999,-999
CRIMP1_158W_21N,21.428,-157.788,1/17/2008,12:16,365.1,2,10.35,386.1,2,9.56,1015,23.1,100.05,-999,-999,368.9,389.8,-999,-999,-999,-999,-999,-999
CRIMP1_158W_21N,21.428,-157.788,1/17/2008,15:16,379.6,2,10.76,382,2,9.73,1014.2,22.4,99.66,-999,-999,383.8,385.7,-999,-999,-999,-999,-999,-999
CRIMP1_158W_21N,21.428,-157.788,1/17/2008,18:16,394,2,10.73,381.6,2,9.99,1015.1,22,99.18,-999,-999,398.3,385.4,-999,-999,-999,-999,-999,-999
CRIMP1_158W_21N,21.428,-157.788,1/17/2008,21:16,388.4,2,12.72,380.6,2,10.98,1015.4,22,98.98,-999,-999,393.4,384.8,-999,-999,-999,-999,-999,-999
CRIMP1_158W_21N,21.428,-157.788,1/18/2008,0:16,378.1,2,13.91,378.4,2,13.39,1013.5,22.7,99.32,-999,-999,383.5,383.6,-999,-999,-999,-999,-999,-999
CRIMP1_158W_21N,21.428,-157.788,1/18/2008,3:16,366.6,2,12.6,381.3,2,10.41,1013.6,23.6,99.37,-999,-999,371.2,385.3,-999,-999,-999,-999,-999,-999
CRIMP1_158W_21N,21.428,-157.788,1/18/2008,6:16,369.8,2,11.77,381.9,2,10.13,1014.6,23.6,99.61,-999,-999,374.2,385.8,-999,-999,-999,-999,-999,-999
CRIMP1_158W_21N,21.428,-157.788,1/18/2008,9:16,371.9,2,12.09,381.8,2,10.21,1015.2,23.3,99.66,-999,-999,376.4,385.7,-999,-999,-999,-999,-999,-999
CRIMP1_158W_21N,21.428,-157.788,1/18/2008,12:16,356.5,2,11.16,394.2,2,9.83,1014,23.1,100,-999,-999,360.5,398.1,-999,-999,-999,-999,-999,-999
CRIMP1_158W_21N,21.428,-157.788,1/18/2008,15:16,375.3,2,10.06,399.5,2,9.29,1013.2,22.6,99.95,-999,-999,379.1,403.3,-999,-999,-999,-999,-999,-999
CRIMP1_158W_21N,21.428,-157.788,1/18/2008,18:16,413.3,2,11.17,439.9,3,10.49,1014.9,22,99.17,-999,-999,418,444.5,-999,-999,-999,-999,-999,-999
CRIMP1_158W_21N,21.428,-157.788,1/18/2008,21:16,403.4,2,13.46,378.6,2,12.78,1015.5,22.3,99.12,-999,-999,408.9,383.5,-999,-999,-999,-999,-999,-999
CRIMP1_158W_21N,21.428,-157.788,1/19/2008,0:16,409.9,2,13.7,378.2,2,12.33,1013.3,23.5,99.02,-999,-999,415.6,382.9,-999,-999,-999,-999,-999,-999
CRIMP1_158W_21N,21.428,-157.788,1/19/2008,3:16,388.8,2,13.31,378.8,2,12.21,1013.2,23.7,99.8,-999,-999,394,383.5,-999,-999,-999,-999,-999,-999
CRIMP1_158W_21N,21.428,-157.788,1/19/2008,6:16,392.2,2,11.15,398.3,2,10.31,1015,23.9,100.15,-999,-999,396.6,402.4,-999,-999,-999,-999,-999,-999
CRIMP1_158W_21N,21.428,-157.788,1/19/2008,9:16,383.3,2,11.88,379.4,2,11.34,1016.1,23.4,100.39,-999,-999,387.9,383.7,-999,-999,-999,-999,-999,-999
CRIMP1_158W_21N,21.428,-157.788,1/19/2008,12:16,397.5,2,12.09,380.2,2,11.35,1015,23.3,100.2,-999,-999,402.4,384.6,-999,-999,-999,-999,-999,-999
CRIMP1_158W_21N,21.428,-157.788,1/19/2008,15:16,414.5,2,12.29,380.1,2,11.49,1014.4,23.2,99.71,-999,-999,419.7,384.5,-999,-999,-999,-999,-999,-999
CRIMP1_158W_21N,21.428,-157.788,1/19/2008,18:16,404.6,2,12.53,379.2,2,11.74,1016,23.2,99.46,-999,-999,409.7,383.7,-999,-999,-999,-999,-999,-999
CRIMP1_158W_21N,21.428,-157.788,1/19/2008,21:16,416,2,13.65,378.7,2,12.02,1016.7,23.5,99.12,-999,-999,421.7,383.3,-999,-999,-999,-999,-999,-999
CRIMP1_158W_21N,21.428,-157.788,1/20/2008,0:16,394.4,2,13.82,378.7,2,12.42,1014.3,24,99.61,-999,-999,399.9,383.5,-999,-999,-999,-999,-999,-999
CRIMP1_158W_21N,21.428,-157.788,1/20/2008,3:16,393.7,2,13.36,379,2,12.2,1015.4,24.5,100.2,-999,-999,399,383.6,-999,-999,-999,-999,-999,-999
CRIMP1_158W_21N,21.428,-157.788,1/20/2008,6:16,380.1,2,12.76,379.3,2,11.89,1017.1,24.5,100.39,-999,-999,385.1,383.9,-999,-999,-999,-999,-999,-999
CRIMP1_158W_21N,21.428,-157.788,1/20/2008,9:16,384.3,2,12.53,379.3,2,11.39,1017.5,24.2,100.44,-999,-999,389.1,383.6,-999,-999,-999,-999,-999,-999
CRIMP1_158W_21N,21.428,-157.788,1/20/2008,12:16,383.9,2,12.31,379.2,2,11.2,1016.7,23.9,100.58,-999,-999,388.7,383.5,-999,-999,-999,-999,-999,-999
CRIMP1_158W_21N,21.428,-157.788,1/20/2008,15:16,403,2,12.17,379.1,2,11.34,1016.2,23.7,100.1,-999,-999,408,383.4,-999,-999,-999,-999,-999,-999
CRIMP1_158W_21N,21.428,-157.788,1/20/2008,18:16,394.6,2,12.82,378.9,2,11.46,1018.1,23.5,99.85,-999,-999,399.8,383.3,-999,-999,-999,-999,-999,-999
CRIMP1_158W_21N,21.428,-157.788,1/20/2008,21:16,384.7,2,13.43,378.4,2,11.79,1019,23.6,99.85,-999,-999,390,382.9,-999,-999,-999,-999,-999,-999
CRIMP1_158W_21N,21.428,-157.788,1/21/2008,0:16,443.8,2,13.43,378.5,2,12.03,1016.7,23.9,99.95,-999,-999,449.9,383.1,-999,-999,-999,-999,-999,-999
CRIMP1_158W_21N,21.428,-157.788,1/21/2008,3:16,415.9,2,13.3,378.4,2,12.18,1017,24.1,100.34,-999,-999,421.5,383.1,-999,-999,-999,-999,-999,-999
CRIMP1_158W_21N,21.428,-157.788,1/21/2008,6:16,391.1,2,12.44,379.1,2,11.6,1018.3,24.1,100.48,-999,-999,396.1,383.5,-999,-999,-999,-999,-999,-999
CRIMP1_158W_21N,21.428,-157.788,1/21/2008,9:16,393.5,2,12.29,379,2,11.45,1018.7,24,100.43,-999,-999,398.4,383.4,-999,-999,-999,-999,-999,-999
CRIMP1_158W_21N,21.428,-157.788,1/21/2008,12:16,398.3,2,12.15,379.9,2,11.05,1017.8,23.8,100.24,-999,-999,403.2,384.1,-999,-999,-999,-999,-999,-999
CRIMP1_158W_21N,21.428,-157.788,1/21/2008,15:16,405.3,2,12.01,379.8,2,11.2,1017.1,23.5,100.05,-999,-999,410.3,384.1,-999,-999,-999,-999,-999,-999
CRIMP1_158W_21N,21.428,-157.788,1/21/2008,18:16,420,2,11.31,380,2,11.31,1018.6,23.3,99.61,-999,-999,424.9,384.3,-999,-999,-999,-999,-999,-999
CRIMP1_158W_21N,21.428,-157.788,1/21/2008,21:16,410.1,2,13.3,379.1,2,12.04,1018.7,23.1,99.28,-999,-999,415.6,383.7,-999,-999,-999,-999,-999,-999
CRIMP1_158W_21N,21.428,-157.788,1/22/2008,0:16,397.7,2,13.08,379.5,2,11.44,1016.5,23.4,99.32,-999,-999,402.9,383.9,-999,-999,-999,-999,-999,-999
CRIMP1_158W_21N,21.428,-157.788,1/22/2008,3:16,387.9,2,12.13,379.8,2,11.31,1016.3,23.7,99.71,-999,-999,392.6,384.2,-999,-999,-999,-999,-999,-999
CRIMP1_158W_21N,21.428,-157.788,1/22/2008,6:16,382.8,2,12.04,380,2,11.22,1017.7,23.6,100.1,-999,-999,387.5,384.4,-999,-999,-999,-999,-999,-999
CRIMP1_158W_21N,21.428,-157.788,1/22/2008,9:16,402.2,2,12.5,379.8,2,11.41,1019,23.5,99.95,-999,-999,407.3,384.2,-999,-999,-999,-999,-999,-999
CRIMP1_158W_21N,21.428,-157.788,1/22/2008,12:16,414.4,2,12.16,380.3,2,10.81,1018.8,23.4,99.86,-999,-999,419.5,384.4,-999,-999,-999,-999,-999,-999
CRIMP1_158W_21N,21.428,-157.788,1/22/2008,15:16,405.3,2,11.74,380.4,2,10.41,1018.6,23.2,99.66,-999,-999,410.1,384.4,-999,-999,-999,-999,-999,-999
CRIMP1_158W_21N,21.428,-157.788,1/22/2008,18:16,412.3,2,12.19,380.2,2,11.4,1019.5,23.1,99.57,-999,-999,417.4,384.6,-999,-999,-999,-999,-999,-999
CRIMP1_158W_21N,21.428,-157.788,1/22/2008,21:16,407.9,2,13.4,379.9,2,11.53,1020.5,23.3,99.33,-999,-999,413.4,384.3,-999,-999,-999,-999,-999,-999
CRIMP1_158W_21N,21.428,-157.788,1/23/2008,0:16,399.4,2,12.74,380.7,2,11.08,1018.3,23.8,99.47,-999,-999,404.5,384.9,-999,-999,-999,-999,-999,-999
CRIMP1_158W_21N,21.428,-157.788,1/23/2008,3:16,398,2,12.61,380.2,2,11.21,1018.3,24.1,99.76,-999,-999,403.1,384.5,-999,-999,-999,-999,-999,-999
CRIMP1_158W_21N,21.428,-157.788,1/23/2008,6:16,389.8,2,11.89,380.1,2,10.78,1019.8,23.9,99.95,-999,-999,394.4,384.3,-999,-999,-999,-999,-999,-999
CRIMP1_158W_21N,21.428,-157.788,1/23/2008,9:16,390.8,2,11.95,379.9,2,11.2,1019.9,23.6,99.95,-999,-999,395.5,384.2,-999,-999,-999,-999,-999,-999
CRIMP1_158W_21N,21.428,-157.788,1/23/2008,12:16,393.5,2,12.16,379.8,2,11.08,1018.5,23.4,99.9,-999,-999,398.3,384,-999,-999,-999,-999,-999,-999
CRIMP1_158W_21N,21.428,-157.788,1/23/2008,15:16,399.8,2,11.55,380,2,11.28,1018.4,23.3,99.81,-999,-999,404.5,384.3,-999,-999,-999,-999,-999,-999
CRIMP1_158W_21N,21.428,-157.788,1/23/2008,18:16,399.9,2,11.58,378.9,2,11.32,1020.6,22.9,99.52,-999,-999,404.6,383.2,-999,-999,-999,-999,-999,-999
CRIMP1_158W_21N,21.428,-157.788,1/23/2008,21:16,410.3,2,12.48,378.1,2,11.96,1020.2,22.7,99.18,-999,-999,415.5,382.6,-999,-999,-999,-999,-999,-999
CRIMP1_158W_21N,21.428,-157.788,1/24/2008,0:16,410.2,2,11.99,378,2,11.27,1018.2,22.8,99.08,-999,-999,415.2,382.3,-999,-999,-999,-999,-999,-999
CRIMP1_158W_21N,21.428,-157.788,1/24/2008,3:16,424.7,2,11.8,379,2,11.01,1018.1,22.9,99.23,-999,-999,429.8,383.2,-999,-999,-999,-999,-999,-999
CRIMP1_158W_21N,21.428,-157.788,1/24/2008,6:16,399.8,2,11.86,378.9,2,11.07,1019.4,23,99.18,-999,-999,404.6,383.2,-999,-999,-999,-999,-999,-999
CRIMP1_158W_21N,21.428,-157.788,1/24/2008,9:16,409.5,2,11.66,379.1,2,10.87,1019.7,23.1,99.09,-999,-999,414.3,383.3,-999,-999,-999,-999,-999,-999
CRIMP1_158W_21N,21.428,-157.788,1/24/2008,12:16,411,2,11.6,379.7,2,10.81,1018.9,23,98.89,-999,-999,415.8,383.8,-999,-999,-999,-999,-999,-999
CRIMP1_158W_21N,21.428,-157.788,1/24/2008,15:16,427.4,2,11.52,379.9,2,10.48,1019.3,22.9,98.6,-999,-999,432.4,383.9,-999,-999,-999,-999,-999,-999
CRIMP1_158W_21N,21.428,-157.788,1/24/2008,18:16,425.3,2,11.7,380.4,2,10.66,1020.4,22.9,98.32,-999,-999,430.3,384.5,-999,-999,-999,-999,-999,-999
CRIMP1_158W_21N,21.428,-157.788,1/24/2008,21:16,418.7,2,12.37,380.7,2,10.53,1020.8,22.9,98.08,-999,-999,423.9,384.7,-999,-999,-999,-999,-999,-999
CRIMP1_158W_21N,21.428,-157.788,1/25/2008,0:16,416.7,2,12.98,380.7,2,10.82,1017.9,23.3,98.07,-999,-999,422.2,384.8,-999,-999,-999,-999,-999,-999
CRIMP1_158W_21N,21.428,-157.788,1/25/2008,3:16,405,2,12.66,381.3,2,10.8,1018.3,23.8,98.31,-999,-999,410.2,385.4,-999,-999,-999,-999,-999,-999
CRIMP1_158W_21N,21.428,-157.788,1/25/2008,6:16,390.5,2,11.47,380.8,2,9.83,1020.1,23.7,98.56,-999,-999,395,384.6,-999,-999,-999,-999,-999,-999
CRIMP1_158W_21N,21.428,-157.788,1/25/2008,9:16,387.9,2,11.8,382.8,2,10.52,1019.9,23.4,98.75,-999,-999,392.5,386.9,-999,-999,-999,-999,-999,-999
CRIMP1_158W_21N,21.428,-157.788,1/25/2008,12:16,391.8,2,11.74,381.3,2,10.41,1018.6,23.3,98.8,-999,-999,396.5,385.3,-999,-999,-999,-999,-999,-999
CRIMP1_158W_21N,21.428,-157.788,1/25/2008,15:16,394.8,2,11.67,381.4,2,10.61,1018.5,23.1,98.8,-999,-999,399.5,385.5,-999,-999,-999,-999,-999,-999
CRIMP1_158W_21N,21.428,-157.788,1/25/2008,18:16,387.5,2,12.38,380.6,2,11.06,1019.8,23,98.56,-999,-999,392.4,384.8,-999,-999,-999,-999,-999,-999
CRIMP1_158W_21N,21.428,-157.788,1/25/2008,21:16,389.7,2,13.06,379.4,2,11.99,1020.2,23.2,98.7,-999,-999,394.8,384,-999,-999,-999,-999,-999,-999
CRIMP1_158W_21N,21.428,-157.788,1/26/2008,0:16,386.3,2,13.6,380,2,11.43,1017.8,23.5,98.69,-999,-999,391.6,384.4,-999,-999,-999,-999,-999,-999
CRIMP1_158W_21N,21.428,-157.788,1/26/2008,3:16,396.1,2,12.39,379.3,2,11.29,1018,23.8,98.89,-999,-999,401,383.6,-999,-999,-999,-999,-999,-999
CRIMP1_158W_21N,21.428,-157.788,1/26/2008,6:16,389.4,2,12.22,380.2,2,11.2,1019.4,23.6,99.08,-999,-999,394.2,384.5,-999,-999,-999,-999,-999,-999
CRIMP1_158W_21N,21.428,-157.788,1/26/2008,9:16,402.2,2,11.27,380.7,2,10.73,1019.5,23.3,98.84,-999,-999,406.8,384.8,-999,-999,-999,-999,-999,-999
CRIMP1_158W_21N,21.428,-157.788,1/26/2008,12:16,435.7,2,11.8,380.6,2,11.02,1017.8,22.8,98.55,-999,-999,440.9,384.9,-999,-999,-999,-999,-999,-999
CRIMP1_158W_21N,21.428,-157.788,1/26/2008,15:16,424.1,2,11.92,381,2,10.88,1018,22.7,98.31,-999,-999,429.2,385.2,-999,-999,-999,-999,-999,-999
CRIMP1_158W_21N,21.428,-157.788,1/26/2008,18:16,415.3,2,11.9,381,2,10.87,1019.4,22.6,98.17,-999,-999,420.3,385.2,-999,-999,-999,-999,-999,-999
CRIMP1_158W_21N,21.428,-157.788,1/26/2008,21:16,423.3,2,11.82,381.2,2,10.54,1020.1,22.6,97.98,-999,-999,428.3,385.3,-999,-999,-999,-999,-999,-999
CRIMP1_158W_21N,21.428,-157.788,1/27/2008,0:16,410.9,2,11.72,381.3,2,10.68,1018.8,22.8,98.07,-999,-999,415.7,385.4,-999,-999,-999,-999,-999,-999
CRIMP1_158W_21N,21.428,-157.788,1/27/2008,3:16,396.8,2,11.59,381.7,2,10.01,1019.4,22.9,98.27,-999,-999,401.5,385.6,-999,-999,-999,-999,-999,-999
CRIMP1_158W_21N,21.428,-157.788,1/27/2008,6:16,396.9,2,11.44,381.4,2,10.2,1020.9,22.9,98.41,-999,-999,401.5,385.3,-999,-999,-999,-999,-999,-999
CRIMP1_158W_21N,21.428,-157.788,1/27/2008,9:16,393,2,11.37,381.5,2,10.66,1020.7,22.8,98.46,-999,-999,397.5,385.6,-999,-999,-999,-999,-999,-999
CRIMP1_158W_21N,21.428,-157.788,1/27/2008,12:16,403.5,2,11.31,381.4,2,10.54,1020.1,22.6,98.41,-999,-999,408.1,385.5,-999,-999,-999,-999,-999,-999
CRIMP1_158W_21N,21.428,-157.788,1/27/2008,15:16,406.5,2,11.24,381.9,2,10.47,1020,22.5,98.32,-999,-999,411.1,385.9,-999,-999,-999,-999,-999,-999
CRIMP1_158W_21N,21.428,-157.788,1/27/2008,18:16,422.2,2,11.85,381.7,2,10.4,1021.1,22.3,98.03,-999,-999,427.3,385.7,-999,-999,-999,-999,-999,-999
CRIMP1_158W_21N,21.428,-157.788,1/27/2008,21:16,422.3,2,11.66,381.2,2,10.45,1021.8,22.4,98.03,-999,-999,427.3,385.2,-999,-999,-999,-999,-999,-999
CRIMP1_158W_21N,21.428,-157.788,1/28/2008,0:16,407.2,2,11.31,381.4,2,10.03,1019.7,22.6,98.22,-999,-999,411.9,385.3,-999,-999,-999,-999,-999,-999
CRIMP1_158W_21N,21.428,-157.788,1/28/2008,3:16,405.9,2,11.3,380.8,2,10.27,1020.5,22.6,98.41,-999,-999,410.5,384.7,-999,-999,-999,-999,-999,-999
CRIMP1_158W_21N,21.428,-157.788,1/28/2008,6:16,400.2,2,11.4,382,2,9.62,1022.4,22.4,98.46,-999,-999,404.8,385.7,-999,-999,-999,-999,-999,-999
CRIMP1_158W_21N,21.428,-157.788,1/28/2008,9:16,393.3,2,11.07,381.5,2,10.07,1022.6,22.3,98.46,-999,-999,397.7,385.4,-999,-999,-999,-999,-999,-999
CRIMP1_158W_21N,21.428,-157.788,1/28/2008,12:16,401.5,2,11.27,381.5,2,9.76,1021.7,22.2,98.36,-999,-999,406.1,385.3,-999,-999,-999,-999,-999,-999
CRIMP1_158W_21N,21.428,-157.788,1/28/2008,15:16,411.5,2,10.95,381.3,2,9.77,1021.6,22.1,98.27,-999,-999,416.1,385,-999,-999,-999,-999,-999,-999
CRIMP1_158W_21N,21.428,-157.788,1/28/2008,18:16,394.6,2,11.36,380.9,2,9.88,1022.8,22,98.17,-999,-999,399.2,384.7,-999,-999,-999,-999,-999,-999
CRIMP1_158W_21N,21.428,-157.788,1/28/2008,21:16,401.9,2,11.68,380.4,2,10.19,1023.2,22.1,98.17,-999,-999,406.6,384.3,-999,-999,-999,-999,-999,-999
CRIMP1_158W_21N,21.428,-157.788,1/29/2008,0:16,406.4,2,11.67,380.3,2,10.14,1021,22.4,98.26,-999,-999,411.2,384.2,-999,-999,-999,-999,-999,-999
CRIMP1_158W_21N,21.428,-157.788,1/29/2008,3:16,394,2,10.83,380.5,2,10.14,1021.5,22.4,98.65,-999,-999,398.3,384.4,-999,-999,-999,-999,-999,-999
CRIMP1_158W_21N,21.428,-157.788,1/29/2008,6:16,389.9,2,10.75,380.7,2,10.25,1022.8,22.2,98.75,-999,-999,394.1,384.6,-999,-999,-999,-999,-999,-999
CRIMP1_158W_21N,21.428,-157.788,1/29/2008,9:16,399.2,2,10.69,380.4,2,9.95,1022.4,22.1,98.7,-999,-999,403.5,384.2,-999,-999,-999,-999,-999,-999
CRIMP1_158W_21N,21.428,-157.788,1/29/2008,12:16,406,2,11.13,381.5,2,10.14,1021.7,22,98.6,-999,-999,410.5,385.4,-999,-999,-999,-999,-999,-999
CRIMP1_158W_21N,21.428,-157.788,1/29/2008,15:16,404.1,2,10.15,380.7,2,9.9,1021,22,98.6,-999,-999,408.3,384.5,-999,-999,-999,-999,-999,-999
CRIMP1_158W_21N,21.428,-157.788,1/29/2008,18:16,397.2,2,11.48,381.6,2,10.26,1021.8,21.8,98.41,-999,-999,401.8,385.6,-999,-999,-999,-999,-999,-999
CRIMP1_158W_21N,21.428,-157.788,1/29/2008,21:16,406.3,2,10.56,380.4,2,10.07,1022.4,21.9,98.46,-999,-999,410.7,384.3,-999,-999,-999,-999,-999,-999
CRIMP1_158W_21N,21.428,-157.788,1/30/2008,0:16,404,2,11.16,380.9,2,10.66,1019.2,22,98.55,-999,-999,408.6,385,-999,-999,-999,-999,-999,-999
CRIMP1_158W_21N,21.428,-157.788,1/30/2008,3:16,403.5,2,11.41,381.2,2,10.17,1019.1,22,98.65,-999,-999,408.2,385.2,-999,-999,-999,-999,-999,-999
CRIMP1_158W_21N,21.428,-157.788,1/30/2008,6:16,395,2,10.51,381.6,2,10.09,1020.9,21.9,98.79,-999,-999,399.2,385.5,-999,-999,-999,-999,-999,-999
CRIMP1_158W_21N,21.428,-157.788,1/30/2008,9:16,394.9,2,10.2,381.8,2,9.72,1021,21.7,98.89,-999,-999,399,385.5,-999,-999,-999,-999,-999,-999
CRIMP1_158W_21N,21.428,-157.788,1/30/2008,12:16,391.7,2,11.13,382.2,2,9.92,1019.4,21.6,98.74,-999,-999,396.1,386,-999,-999,-999,-999,-999,-999
CRIMP1_158W_21N,21.428,-157.788,1/30/2008,15:16,403.6,2,10.96,381.9,2,10.23,1018.9,21.7,98.7,-999,-999,408,385.8,-999,-999,-999,-999,-999,-999
CRIMP1_158W_21N,21.428,-157.788,1/30/2008,18:16,411.2,2,10.94,381.6,2,10.46,1020.1,21.7,98.6,-999,-999,415.8,385.7,-999,-999,-999,-999,-999,-999
CRIMP1_158W_21N,21.428,-157.788,1/30/2008,21:16,418.3,2,11.99,380.8,2,10.76,1020.2,21.9,98.55,-999,-999,423.4,384.9,-999,-999,-999,-999,-999,-999
CRIMP1_158W_21N,21.428,-157.788,1/31/2008,0:16,422.7,2,11.38,381.1,2,10.62,1017.9,22.2,98.74,-999,-999,427.6,385.2,-999,-999,-999,-999,-999,-999
CRIMP1_158W_21N,21.428,-157.788,1/31/2008,3:16,411.9,2,11.77,381.1,2,10.74,1018.5,22.5,99.03,-999,-999,416.9,385.3,-999,-999,-999,-999,-999,-999
CRIMP1_158W_21N,21.428,-157.788,1/31/2008,6:16,388.8,2,11.24,381.3,2,10.22,1020,22.5,99.23,-999,-999,393.3,385.3,-999,-999,-999,-999,-999,-999
CRIMP1_158W_21N,21.428,-157.788,1/31/2008,9:16,402.8,2,10.85,381.8,2,10.34,1020.3,22.4,99.32,-999,-999,407.2,385.8,-999,-999,-999,-999,-999,-999
CRIMP1_158W_21N,21.428,-157.788,1/31/2008,12:16,411.4,2,11.3,381.1,2,10.54,1019,22.2,99.08,-999,-999,416.1,385.1,-999,-999,-999,-999,-999,-999
CRIMP1_158W_21N,21.428,-157.788,1/31/2008,15:16,406.5,2,10.8,381.6,2,10.29,1018.9,22.2,99.03,-999,-999,410.9,385.6,-999,-999,-999,-999,-999,-999
CRIMP1_158W_21N,21.428,-157.788,1/31/2008,18:16,404,2,11.64,380.7,2,10.9,1020.4,22,98.94,-999,-999,408.7,384.9,-999,-999,-999,-999,-999,-999
CRIMP1_158W_21N,21.428,-157.788,1/31/2008,21:16,403.1,2,12.78,380.2,2,11.27,1021,22.2,98.89,-999,-999,408.3,384.6,-999,-999,-999,-999,-999,-999
CRIMP1_158W_21N,21.428,-157.788,2/1/2008,0:16,421,2,12.09,380.8,2,10.81,1018.7,22.6,98.88,-999,-999,426.1,384.9,-999,-999,-999,-999,-999,-999
CRIMP1_158W_21N,21.428,-157.788,2/1/2008,3:16,405.5,2,11.53,380.9,2,10.81,1018.6,23,99.42,-999,-999,410.2,385.1,-999,-999,-999,-999,-999,-999
CRIMP1_158W_21N,21.428,-157.788,2/1/2008,6:16,423.2,2,11.18,381.1,2,10.66,1020.5,22.8,99.56,-999,-999,427.9,385.2,-999,-999,-999,-999,-999,-999
CRIMP1_158W_21N,21.428,-157.788,2/1/2008,9:16,413.3,2,11.23,381.2,2,10.72,1020.4,22.5,99.52,-999,-999,418,385.3,-999,-999,-999,-999,-999,-999
CRIMP1_158W_21N,21.428,-157.788,2/1/2008,12:16,411.2,2,11.18,381.6,2,10.67,1019.4,22.4,99.56,-999,-999,415.9,385.7,-999,-999,-999,-999,-999,-999
CRIMP1_158W_21N,21.428,-157.788,2/1/2008,15:16,417.6,2,11.11,381.7,2,10.6,1019.4,22.3,99.27,-999,-999,422.2,385.8,-999,-999,-999,-999,-999,-999
CRIMP1_158W_21N,21.428,-157.788,2/1/2008,18:16,421.7,2,11.35,381.1,2,11.09,1020.7,22.3,99.18,-999,-999,426.5,385.4,-999,-999,-999,-999,-999,-999
CRIMP1_158W_21N,21.428,-157.788,2/1/2008,21:16,423.2,2,12.93,379.7,2,11.74,1021,22.5,98.84,-999,-999,428.7,384.2,-999,-999,-999,-999,-999,-999
CRIMP1_158W_21N,21.428,-157.788,2/2/2008,0:16,414.2,2,11.72,380.4,2,11.2,1018.9,22.9,99.03,-999,-999,419.1,384.7,-999,-999,-999,-999,-999,-999
CRIMP1_158W_21N,21.428,-157.788,2/2/2008,3:16,417.4,2,11.79,380.8,2,11.26,1019.3,23,99.47,-999,-999,422.4,385.2,-999,-999,-999,-999,-999,-999
CRIMP1_158W_21N,21.428,-157.788,2/2/2008,6:16,400.8,2,11.44,381.2,2,11.25,1020.6,22.9,99.66,-999,-999,405.4,385.6,-999,-999,-999,-999,-999,-999
CRIMP1_158W_21N,21.428,-157.788,2/2/2008,9:16,409.8,2,11.63,380.8,2,11.37,1020.2,22.8,99.52,-999,-999,414.6,385.2,-999,-999,-999,-999,-999,-999
CRIMP1_158W_21N,21.428,-157.788,2/2/2008,12:16,431.1,2,11.65,380.8,2,11.39,1018.9,22.7,99.13,-999,-999,436.2,385.2,-999,-999,-999,-999,-999,-999
CRIMP1_158W_21N,21.428,-157.788,2/2/2008,15:16,429.4,2,11.66,380.3,2,11.4,1018.2,22.8,98.83,-999,-999,434.5,384.6,-999,-999,-999,-999,-999,-999
CRIMP1_158W_21N,21.428,-157.788,2/2/2008,18:16,431.9,2,11.64,379.7,2,11.64,1019.7,22.7,98.59,-999,-999,437,384.2,-999,-999,-999,-999,-999,-999
CRIMP1_158W_21N,21.428,-157.788,2/2/2008,21:16,433.1,2,12.41,379.8,2,11.9,1019.7,22.8,98.35,-999,-999,438.5,384.4,-999,-999,-999,-999,-999,-999
CRIMP1_158W_21N,21.428,-157.788,2/3/2008,0:16,414.8,2,12.07,379.5,2,11.81,1017.5,22.9,98.49,-999,-999,419.9,384.1,-999,-999,-999,-999,-999,-999
CRIMP1_158W_21N,21.428,-157.788,2/3/2008,3:16,413.3,2,11.88,380.5,2,11.69,1017.5,23.1,98.73,-999,-999,418.3,385,-999,-999,-999,-999,-999,-999
CRIMP1_158W_21N,21.428,-157.788,2/3/2008,6:16,403.1,2,11.93,380,2,11.67,1019.2,23.1,98.88,-999,-999,408,384.5,-999,-999,-999,-999,-999,-999
CRIMP1_158W_21N,21.428,-157.788,2/3/2008,9:16,401.5,2,11.93,380.5,2,11.67,1019,23.1,98.93,-999,-999,406.3,385,-999,-999,-999,-999,-999,-999
CRIMP1_158W_21N,21.428,-157.788,2/3/2008,12:16,445.8,2,11.94,380.2,2,11.68,1018.4,23.1,98.69,-999,-999,451.1,384.7,-999,-999,-999,-999,-999,-999
CRIMP1_158W_21N,21.428,-157.788,2/3/2008,15:16,436.2,2,11.88,380.6,2,11.61,1017.7,23.1,98.44,-999,-999,441.5,385.1,-999,-999,-999,-999,-999,-999
CRIMP1_158W_21N,21.428,-157.788,2/3/2008,18:16,448.2,2,11.86,380,2,11.59,1019.5,23.1,98.1,-999,-999,453.6,384.5,-999,-999,-999,-999,-999,-999
CRIMP1_158W_21N,21.428,-157.788,2/3/2008,21:16,431.8,2,12.72,379.3,2,12.19,1019.5,23.2,98,-999,-999,437.3,384,-999,-999,-999,-999,-999,-999
CRIMP1_158W_21N,21.428,-157.788,2/4/2008,0:16,418.4,2,11.9,380,2,11.9,1017.2,23.4,98.2,-999,-999,423.4,384.6,-999,-999,-999,-999,-999,-999
CRIMP1_158W_21N,21.428,-157.788,2/4/2008,3:16,418.7,2,12.17,380.4,2,11.63,1017.3,23.4,98.44,-999,-999,423.9,384.8,-999,-999,-999,-999,-999,-999
CRIMP1_158W_21N,21.428,-157.788,2/4/2008,6:16,401.2,2,12.08,380.5,2,11.81,1019.3,23.4,98.6,-999,-999,406.1,385.1,-999,-999,-999,-999,-999,-999
CRIMP1_158W_21N,21.428,-157.788,2/4/2008,9:16,421.4,2,12.08,380.5,2,11.88,1019.4,23.4,98.65,-999,-999,426.5,385,-999,-999,-999,-999,-999,-999
CRIMP1_158W_21N,21.428,-157.788,2/4/2008,12:16,413.4,2,12.16,380.4,2,11.89,1018.5,23.4,98.6,-999,-999,418.4,384.9,-999,-999,-999,-999,-999,-999
CRIMP1_158W_21N,21.428,-157.788,2/4/2008,15:16,433.5,2,12.16,380.6,2,11.62,1018.2,23.4,98.41,-999,-999,438.9,385,-999,-999,-999,-999,-999,-999
CRIMP1_158W_21N,21.428,-157.788,2/4/2008,18:16,440.4,2,12.07,380.2,2,11.8,1020.1,23.4,98.22,-999,-999,445.8,384.7,-999,-999,-999,-999,-999,-999
CRIMP1_158W_21N,21.428,-157.788,2/4/2008,21:16,418.8,2,12.33,380.2,2,11.79,1020.6,23.4,97.93,-999,-999,424,384.7,-999,-999,-999,-999,-999,-999
CRIMP1_158W_21N,21.428,-157.788,2/5/2008,0:16,427.2,2,12.44,380.3,2,11.9,1017.9,23.4,98.02,-999,-999,432.5,384.9,-999,-999,-999,-999,-999,-999
CRIMP1_158W_21N,21.428,-157.788,2/5/2008,3:16,412.8,2,12.24,379.9,2,11.42,1018.3,23.5,98.21,-999,-999,417.9,384.3,-999,-999,-999,-999,-999,-999
CRIMP1_158W_21N,21.428,-157.788,2/5/2008,6:16,413,2,11.68,380,2,11.13,1019.6,23.5,98.31,-999,-999,417.8,384.3,-999,-999,-999,-999,-999,-999
CRIMP1_158W_21N,21.428,-157.788,2/5/2008,9:16,411,2,11.8,379.8,2,11.8,1019.7,23.3,98.51,-999,-999,416,384.3,-999,-999,-999,-999,-999,-999
CRIMP1_158W_21N,21.428,-157.788,2/5/2008,12:16,409.6,2,12.01,380,2,11.75,1018.4,23.2,98.46,-999,-999,414.6,384.5,-999,-999,-999,-999,-999,-999
CRIMP1_158W_21N,21.428,-157.788,2/5/2008,15:16,410.7,2,12.14,380.4,2,11.62,1017.4,23.1,98.36,-999,-999,415.7,384.9,-999,-999,-999,-999,-999,-999
CRIMP1_158W_21N,21.428,-157.788,2/5/2008,18:16,430,2,11.85,380.3,2,11.59,1019.6,23,98.17,-999,-999,435.2,384.8,-999,-999,-999,-999,-999,-999
CRIMP1_158W_21N,21.428,-157.788,2/5/2008,21:16,419.4,2,12.39,379.7,2,11.86,1019.3,23,98.07,-999,-999,424.6,384.3,-999,-999,-999,-999,-999,-999
CRIMP1_158W_21N,21.428,-157.788,2/6/2008,0:16,411.6,2,11.96,380.1,2,11.69,1017,23.1,98.21,-999,-999,416.5,384.6,-999,-999,-999,-999,-999,-999
CRIMP1_158W_21N,21.428,-157.788,2/6/2008,3:16,418.4,2,11.96,380.1,2,11.43,1017.1,23.1,98.31,-999,-999,423.4,384.5,-999,-999,-999,-999,-999,-999
CRIMP1_158W_21N,21.428,-157.788,2/6/2008,6:16,421.3,2,12.21,379.9,2,11.68,1018.3,23.1,98.31,-999,-999,426.5,384.4,-999,-999,-999,-999,-999,-999
CRIMP1_158W_21N,21.428,-157.788,2/6/2008,9:16,406.9,2,12.2,380.4,2,11.41,1018.7,23.1,98.36,-999,-999,411.9,384.8,-999,-999,-999,-999,-999,-999
CRIMP1_158W_21N,21.428,-157.788,2/6/2008,12:16,407.8,2,12.22,380.6,2,11.69,1017.3,23.1,98.35,-999,-999,412.9,385.1,-999,-999,-999,-999,-999,-999
CRIMP1_158W_21N,21.428,-157.788,2/6/2008,15:16,421.8,2,12.3,380.6,2,11.5,1016.7,23.2,98.21,-999,-999,427.1,385,-999,-999,-999,-999,-999,-999
CRIMP1_158W_21N,21.428,-157.788,2/6/2008,18:16,421.2,2,12.28,380.4,2,11.48,1018.2,23.3,98.02,-999,-999,426.5,384.8,-999,-999,-999,-999,-999,-999
CRIMP1_158W_21N,21.428,-157.788,2/6/2008,21:16,411.3,2,13.51,378.9,2,12.43,1018.6,23.5,98.11,-999,-999,416.9,383.7,-999,-999,-999,-999,-999,-999
CRIMP1_158W_21N,21.428,-157.788,2/7/2008,0:16,409.7,2,13.77,379.1,2,12.08,1015.9,24,98.3,-999,-999,415.4,383.8,-999,-999,-999,-999,-999,-999
CRIMP1_158W_21N,21.428,-157.788,2/7/2008,3:16,405.2,2,12.45,380,2,11.87,1016.1,24.5,98.64,-999,-999,410.3,384.6,-999,-999,-999,-999,-999,-999
CRIMP1_158W_21N,21.428,-157.788,2/7/2008,6:16,401.3,2,11.99,379.7,2,11.71,1017.8,24.4,98.84,-999,-999,406.2,384.2,-999,-999,-999,-999,-999,-999
CRIMP1_158W_21N,21.428,-157.788,2/7/2008,9:16,418.7,2,12.26,379.3,2,11.98,1018.4,24,98.93,-999,-999,423.9,383.9,-999,-999,-999,-999,-999,-999
CRIMP1_158W_21N,21.428,-157.788,2/7/2008,12:16,412.5,2,12.41,379.5,2,11.93,1016.2,23.8,98.83,-999,-999,417.7,384.1,-999,-999,-999,-999,-999,-999
CRIMP1_158W_21N,21.428,-157.788,2/7/2008,15:16,435.1,2,11.99,379.8,2,11.72,1015.9,23.6,98.74,-999,-999,440.4,384.3,-999,-999,-999,-999,-999,-999
CRIMP1_158W_21N,21.428,-157.788,2/7/2008,18:16,447.4,2,12.71,379.5,2,11.9,1017.4,23.4,98.45,-999,-999,453.2,384.1,-999,-999,-999,-999,-999,-999
CRIMP1_158W_21N,21.428,-157.788,2/7/2008,21:16,439.3,2,13.97,379,2,12.6,1017.3,23.6,98.25,-999,-999,445.5,383.9,-999,-999,-999,-999,-999,-999
CRIMP1_158W_21N,21.428,-157.788,2/8/2008,0:16,415.3,2,13.1,379.1,2,11.67,1014.7,24.2,98.64,-999,-999,420.8,383.6,-999,-999,-999,-999,-999,-999
CRIMP1_158W_21N,21.428,-157.788,2/8/2008,3:16,407.2,2,12.02,379.4,2,11.45,1015.6,24.4,98.93,-999,-999,412.2,383.8,-999,-999,-999,-999,-999,-999
CRIMP1_158W_21N,21.428,-157.788,2/8/2008,6:16,405.9,2,11.72,379.7,2,11.72,1017,24,99.22,-999,-999,410.8,384.2,-999,-999,-999,-999,-999,-999
CRIMP1_158W_21N,21.428,-157.788,2/8/2008,9:16,402.5,2,11.78,385.8,2,11.5,1017,23.6,99.47,-999,-999,407.3,390.2,-999,-999,-999,-999,-999,-999
CRIMP1_158W_21N,21.428,-157.788,2/8/2008,12:16,462.9,2,12.19,379.8,2,11.92,1015.6,23.4,98.74,-999,-999,468.6,384.4,-999,-999,-999,-999,-999,-999
CRIMP1_158W_21N,21.428,-157.788,2/8/2008,15:16,424.9,2,12.33,380.6,2,12.06,1014.7,23.3,98.74,-999,-999,430.2,385.3,-999,-999,-999,-999,-999,-999
CRIMP1_158W_21N,21.428,-157.788,2/8/2008,18:16,418.2,2,13.03,378.7,2,12.76,1016.4,23.1,98.64,-999,-999,423.7,383.6,-999,-999,-999,-999,-999,-999
CRIMP1_158W_21N,21.428,-157.788,2/8/2008,21:16,412.1,2,13.73,378.3,2,12.46,1016.4,23.3,98.64,-999,-999,417.9,383,-999,-999,-999,-999,-999,-999
CRIMP1_158W_21N,21.428,-157.788,2/9/2008,0:16,407.6,2,13.14,379.2,2,11.74,1014.7,23.9,99.03,-999,-999,413,383.7,-999,-999,-999,-999,-999,-999
CRIMP1_158W_21N,21.428,-157.788,2/9/2008,3:16,396.1,2,12.37,379.7,2,11.59,1015.4,24.1,99.61,-999,-999,401,384.2,-999,-999,-999,-999,-999,-999
CRIMP1_158W_21N,21.428,-157.788,2/9/2008,6:16,394.6,2,12.26,379.3,2,11.43,1017.7,23.9,100,-999,-999,399.5,383.7,-999,-999,-999,-999,-999,-999
CRIMP1_158W_21N,21.428,-157.788,2/9/2008,9:16,389,2,12.04,379.6,2,11.22,1017.7,23.7,100.19,-999,-999,393.8,383.9,-999,-999,-999,-999,-999,-999
CRIMP1_158W_21N,21.428,-157.788,2/9/2008,12:16,405.7,2,11.99,380.9,2,11.45,1015.9,23.5,100.19,-999,-999,410.6,385.3,-999,-999,-999,-999,-999,-999
CRIMP1_158W_21N,21.428,-157.788,2/9/2008,15:16,430.5,2,11.93,380.4,2,11.39,1015.2,23.4,99.81,-999,-999,435.7,384.8,-999,-999,-999,-999,-999,-999
CRIMP1_158W_21N,21.428,-157.788,2/9/2008,18:16,416.9,2,12.92,379,2,11.84,1016.5,23.3,99.32,-999,-999,422.4,383.6,-999,-999,-999,-999,-999,-999
CRIMP1_158W_21N,21.428,-157.788,2/9/2008,21:16,388.3,2,14.06,378.1,2,12.41,1016.5,23.7,99.71,-999,-999,393.8,382.9,-999,-999,-999,-999,-999,-999
CRIMP1_158W_21N,21.428,-157.788,2/10/2008,0:16,410.6,2,13.05,378.8,2,12.47,1014.5,24.5,100.15,-999,-999,416,383.6,-999,-999,-999,-999,-999,-999
CRIMP1_158W_21N,21.428,-157.788,2/10/2008,3:16,395.3,2,13.13,379.5,2,11.96,1014.3,24.7,100.29,-999,-999,400.6,384.1,-999,-999,-999,-999,-999,-999
CRIMP1_158W_21N,21.428,-157.788,2/10/2008,6:16,389.2,2,12.66,379.7,2,11.8,1015.9,24.5,100.73,-999,-999,394.2,384.2,-999,-999,-999,-999,-999,-999
CRIMP1_158W_21N,21.428,-157.788,2/10/2008,9:16,397.6,2,12.42,379.5,2,11.86,1016.9,24.1,100.78,-999,-999,402.6,384.1,-999,-999,-999,-999,-999,-999
CRIMP1_158W_21N,21.428,-157.788,2/10/2008,12:16,403.6,2,12.29,380.3,2,11.73,1015.9,23.9,100.73,-999,-999,408.6,384.8,-999,-999,-999,-999,-999,-999
CRIMP1_158W_21N,21.428,-157.788,2/10/2008,15:16,421.3,2,12.14,380.2,2,11.32,1015.4,23.7,100.49,-999,-999,426.5,384.5,-999,-999,-999,-999,-999,-999
CRIMP1_158W_21N,21.428,-157.788,2/10/2008,18:16,417.5,2,13.08,379.6,2,12.34,1015.9,23.6,100.15,-999,-999,423,384.4,-999,-999,-999,-999,-999,-999
CRIMP1_158W_21N,21.428,-157.788,2/10/2008,21:16,446.7,2,13.95,379.2,2,12.28,1016.5,23.9,99.9,-999,-999,453.1,383.9,-999,-999,-999,-999,-999,-999
CRIMP1_158W_21N,21.428,-157.788,2/11/2008,0:16,422.4,2,13.62,379.1,2,12.17,1015,24.5,99.9,-999,-999,428.2,383.8,-999,-999,-999,-999,-999,-999
CRIMP1_158W_21N,21.428,-157.788,2/11/2008,3:16,412.5,2,12.6,379.3,2,11.72,1015.8,24.8,100.15,-999,-999,417.8,383.8,-999,-999,-999,-999,-999,-999
CRIMP1_158W_21N,21.428,-157.788,2/11/2008,6:16,409.3,2,12.51,379.8,2,11.64,1017.1,24.6,100.19,-999,-999,414.5,384.3,-999,-999,-999,-999,-999,-999
CRIMP1_158W_21N,21.428,-157.788,2/11/2008,9:16,405,2,12.28,379.9,2,11.42,1017.9,24.4,100.14,-999,-999,410,384.3,-999,-999,-999,-999,-999,-999
CRIMP1_158W_21N,21.428,-157.788,2/11/2008,12:16,415.6,2,12.08,380.1,2,11.23,1016.3,24,100.05,-999,-999,420.6,384.4,-999,-999,-999,-999,-999,-999
CRIMP1_158W_21N,21.428,-157.788,2/11/2008,15:16,435.8,2,12.14,381.1,2,11.31,1016.2,23.7,99.76,-999,-999,441.2,385.4,-999,-999,-999,-999,-999,-999
CRIMP1_158W_21N,21.428,-157.788,2/11/2008,18:16,421,2,13.33,379.5,2,12.24,1018,23.6,99.42,-999,-999,426.7,384.2,-999,-999,-999,-999,-999,-999
CRIMP1_158W_21N,21.428,-157.788,2/11/2008,21:16,421.2,2,14.11,379.5,2,12.25,1018.9,23.8,99.28,-999,-999,427.2,384.2,-999,-999,-999,-999,-999,-999
CRIMP1_158W_21N,21.428,-157.788,2/12/2008,0:16,414.4,2,13.81,379.7,2,11.8,1016.2,24.4,99.42,-999,-999,420.2,384.2,-999,-999,-999,-999,-999,-999
CRIMP1_158W_21N,21.428,-157.788,2/12/2008,3:16,413.4,2,12.52,379.7,2,11.35,1016.7,24.6,99.71,-999,-999,418.6,384.1,-999,-999,-999,-999,-999,-999
CRIMP1_158W_21N,21.428,-157.788,2/12/2008,6:16,405.8,2,12.35,379.9,2,11.48,1018.4,24.4,99.81,-999,-999,410.9,384.4,-999,-999,-999,-999,-999,-999
CRIMP1_158W_21N,21.428,-157.788,2/12/2008,9:16,439.7,2,12.39,379.9,2,11.55,1019.4,24.1,99.66,-999,-999,445.2,384.3,-999,-999,-999,-999,-999,-999
CRIMP1_158W_21N,21.428,-157.788,2/12/2008,12:16,421.7,2,12.25,380.2,2,11.41,1019,24,99.52,-999,-999,426.9,384.6,-999,-999,-999,-999,-999,-999
CRIMP1_158W_21N,21.428,-157.788,2/12/2008,15:16,428.4,2,12.19,380.2,2,11.63,1017.9,23.8,99.37,-999,-999,433.6,384.7,-999,-999,-999,-999,-999,-999
CRIMP1_158W_21N,21.428,-157.788,2/12/2008,18:16,434.4,2,12.92,386.6,2,12.1,1019.5,23.7,99.09,-999,-999,440.1,391.3,-999,-999,-999,-999,-999,-999
CRIMP1_158W_21N,21.428,-157.788,2/12/2008,21:16,429.9,2,14.27,378.5,2,12.95,1019.7,24,99.04,-999,-999,436.1,383.4,-999,-999,-999,-999,-999,-999
CRIMP1_158W_21N,21.428,-157.788,2/13/2008,0:16,427.2,2,13.83,379.4,2,12.06,1018,24.8,99.18,-999,-999,433.2,384,-999,-999,-999,-999,-999,-999
CRIMP1_158W_21N,21.428,-157.788,2/13/2008,3:16,422.5,2,12.35,379.8,2,11.45,1018.2,25.3,99.52,-999,-999,427.8,384.2,-999,-999,-999,-999,-999,-999
CRIMP1_158W_21N,21.428,-157.788,2/13/2008,6:16,409.8,2,12.41,380,2,11.52,1019.8,25,99.76,-999,-999,415,384.4,-999,-999,-999,-999,-999,-999
CRIMP1_158W_21N,21.428,-157.788,2/13/2008,9:16,429.1,2,13.05,379.8,2,12.18,1020.1,24.6,99.61,-999,-999,434.7,384.5,-999,-999,-999,-999,-999,-999
CRIMP1_158W_21N,21.428,-157.788,2/13/2008,12:16,417,2,12.34,380.8,2,11.48,1018.8,24.4,99.61,-999,-999,422.2,385.2,-999,-999,-999,-999,-999,-999
CRIMP1_158W_21N,21.428,-157.788,2/13/2008,15:16,428,2,12.41,380.6,2,11.56,1018.3,24.1,99.42,-999,-999,433.4,385.1,-999,-999,-999,-999,-999,-999
CRIMP1_158W_21N,21.428,-157.788,2/13/2008,18:16,417.9,2,13.08,379.6,2,11.97,1019.5,23.9,99.23,-999,-999,423.4,384.2,-999,-999,-999,-999,-999,-999
CRIMP1_158W_21N,21.428,-157.788,2/13/2008,21:16,414.9,2,14.45,379.5,2,12.47,1019.5,24.2,99.04,-999,-999,421,384.3,-999,-999,-999,-999,-999,-999
CRIMP1_158W_21N,21.428,-157.788,2/14/2008,0:16,433.1,2,13.85,379.7,2,11.79,1016.2,24.8,99.13,-999,-999,439.2,384.2,-999,-999,-999,-999,-999,-999
CRIMP1_158W_21N,21.428,-157.788,2/14/2008,3:16,433,2,13.11,379.7,2,11.62,1017,25.1,99.28,-999,-999,438.8,384.1,-999,-999,-999,-999,-999,-999
CRIMP1_158W_21N,21.428,-157.788,2/14/2008,6:16,415.6,2,12.35,380.4,2,10.88,1018.6,24.9,99.66,-999,-999,420.8,384.6,-999,-999,-999,-999,-999,-999
CRIMP1_158W_21N,21.428,-157.788,2/14/2008,9:16,419.4,2,12.7,379.9,2,11.62,1019,24.6,99.76,-999,-999,424.8,384.3,-999,-999,-999,-999,-999,-999
CRIMP1_158W_21N,21.428,-157.788,2/14/2008,12:16,409.9,2,12.21,380.5,2,11.36,1017.1,24.3,99.71,-999,-999,415,384.8,-999,-999,-999,-999,-999,-999
CRIMP1_158W_21N,21.428,-157.788,2/14/2008,15:16,420,2,12.06,381,2,10.94,1017.2,24,99.52,-999,-999,425.1,385.3,-999,-999,-999,-999,-999,-999
CRIMP1_158W_21N,21.428,-157.788,2/14/2008,18:16,411.2,2,12.03,405.9,2,11.21,1018.5,23.7,99.52,-999,-999,416.2,410.5,-999,-999,-999,-999,-999,-999
CRIMP1_158W_21N,21.428,-157.788,2/14/2008,21:16,409.7,2,14.48,379.5,2,12.53,1019,23.9,99.32,-999,-999,415.7,384.3,-999,-999,-999,-999,-999,-999
CRIMP1_158W_21N,21.428,-157.788,2/15/2008,0:16,403.4,2,13.9,379.6,2,11.87,1015.8,24.5,99.61,-999,-999,409.1,384.2,-999,-999,-999,-999,-999,-999
CRIMP1_158W_21N,21.428,-157.788,2/15/2008,3:16,426.5,2,12.6,380,2,10.85,1015.6,24.7,99.81,-999,-999,431.9,384.2,-999,-999,-999,-999,-999,-999
CRIMP1_158W_21N,21.428,-157.788,2/15/2008,6:16,400.6,2,12.13,380.6,2,10.69,1018.3,24.5,100.05,-999,-999,405.5,384.7,-999,-999,-999,-999,-999,-999
CRIMP1_158W_21N,21.428,-157.788,2/15/2008,9:16,407.5,2,12.41,380.3,2,11.28,1018.3,24.1,99.95,-999,-999,412.6,384.7,-999,-999,-999,-999,-999,-999
CRIMP1_158W_21N,21.428,-157.788,2/15/2008,12:16,410.2,2,12.55,380.3,2,11.44,1016.8,23.9,99.81,-999,-999,415.4,384.7,-999,-999,-999,-999,-999,-999
CRIMP1_158W_21N,21.428,-157.788,2/15/2008,15:16,419.3,2,11.93,392.9,2,10.82,1016.2,23.8,99.61,-999,-999,424.3,397.2,-999,-999,-999,-999,-999,-999
CRIMP1_158W_21N,21.428,-157.788,2/15/2008,18:16,417.5,2,12.71,401.8,2,11.9,1017.9,23.4,99.28,-999,-999,422.9,406.6,-999,-999,-999,-999,-999,-999
CRIMP1_158W_21N,21.428,-157.788,2/15/2008,21:16,413.7,2,13.66,379.7,2,11.43,1017.8,23.8,99.04,-999,-999,419.5,384.1,-999,-999,-999,-999,-999,-999
CRIMP1_158W_21N,21.428,-157.788,2/16/2008,0:16,411,2,12.74,379.7,2,11.29,1015.8,24.4,99.18,-999,-999,416.3,384,-999,-999,-999,-999,-999,-999
CRIMP1_158W_21N,21.428,-157.788,2/16/2008,3:16,419,2,11.87,379.9,2,11.29,1016,24.6,99.47,-999,-999,424.1,384.2,-999,-999,-999,-999,-999,-999
CRIMP1_158W_21N,21.428,-157.788,2/16/2008,6:16,398.6,2,11.57,398.3,2,11.01,1017.5,24.2,99.66,-999,-999,403.3,402.8,-999,-999,-999,-999,-999,-999
CRIMP1_158W_21N,21.428,-157.788,2/16/2008,9:16,407.1,2,11.16,397.1,2,10.68,1017.7,23.6,99.71,-999,-999,411.7,401.4,-999,-999,-999,-999,-999,-999
CRIMP1_158W_21N,21.428,-157.788,2/16/2008,12:16,401.8,2,10.51,400.4,2,9.98,1016.1,23,99.66,-999,-999,406.1,404.4,-999,-999,-999,-999,-999,-999
CRIMP1_158W_21N,21.428,-157.788,2/16/2008,15:16,403.7,2,10.4,389,2,9.89,1015.1,22.4,99.47,-999,-999,408,392.9,-999,-999,-999,-999,-999,-999
CRIMP1_158W_21N,21.428,-157.788,2/16/2008,18:16,403.5,2,12.1,404.8,2,11.86,1016.6,22,99.37,-999,-999,408.4,409.7,-999,-999,-999,-999,-999,-999
CRIMP1_158W_21N,21.428,-157.788,2/16/2008,21:16,423.9,2,13.41,379.6,2,12.97,1016.4,22.6,99.37,-999,-999,429.7,384.6,-999,-999,-999,-999,-999,-999
CRIMP1_158W_21N,21.428,-157.788,2/17/2008,0:16,409.9,2,13.95,377.7,2,13.95,1014.4,24.1,99.71,-999,-999,415.7,383,-999,-999,-999,-999,-999,-999
CRIMP1_158W_21N,21.428,-157.788,2/17/2008,3:16,432.5,2,3.61,380.5,2,1.5,1015,25.1,99.56,-999,-999,434.1,381,-999,-999,-999,-999,-999,-999
CRIMP1_158W_21N,21.428,-157.788,2/17/2008,6:16,423.1,2,12.22,388.4,2,10.8,1016.6,25.2,99.66,-999,-999,428.3,392.6,-999,-999,-999,-999,-999,-999
CRIMP1_158W_21N,21.428,-157.788,2/17/2008,9:16,429,2,12.01,383.5,2,11.13,1016.7,24.8,99.42,-999,-999,434.2,387.9,-999,-999,-999,-999,-999,-999
CRIMP1_158W_21N,21.428,-157.788,2/17/2008,12:16,440.5,2,12.88,381.3,2,12.09,1015.6,24.4,98.69,-999,-999,446.2,386,-999,-999,-999,-999,-999,-999
CRIMP1_158W_21N,21.428,-157.788,2/17/2008,15:16,424.1,2,12.45,381.8,2,11.6,1015,24.1,98.69,-999,-999,429.5,386.3,-999,-999,-999,-999,-999,-999
CRIMP1_158W_21N,21.428,-157.788,2/17/2008,18:16,431.6,2,13.87,380.1,2,12.49,1016.2,23.8,98.5,-999,-999,437.7,384.9,-999,-999,-999,-999,-999,-999
CRIMP1_158W_21N,21.428,-157.788,2/17/2008,21:16,492.5,2,14.59,378.2,2,13.45,1015.9,24.2,97.67,-999,-999,499.8,383.3,-999,-999,-999,-999,-999,-999
CRIMP1_158W_21N,21.428,-157.788,2/18/2008,0:16,447.4,2,15.3,376.4,2,15,1014.3,25.3,98.09,-999,-999,454.4,382.1,-999,-999,-999,-999,-999,-999
CRIMP1_158W_21N,21.428,-157.788,2/18/2008,3:16,413.4,2,12.37,379.6,2,9.89,1014.5,26.1,98.59,-999,-999,418.5,383.4,-999,-999,-999,-999,-999,-999
CRIMP1_158W_21N,21.428,-157.788,2/18/2008,6:16,411.8,2,12.73,383.6,2,11.14,1017,26.2,99.18,-999,-999,417.1,387.9,-999,-999,-999,-999,-999,-999
CRIMP1_158W_21N,21.428,-157.788,2/18/2008,9:16,386.4,2,12.27,391.6,2,11.05,1017.9,25.6,99.95,-999,-999,391.2,396,-999,-999,-999,-999,-999,-999
CRIMP1_158W_21N,21.428,-157.788,2/18/2008,12:16,416.4,2,12.15,384.5,2,10.96,1017,25,99.9,-999,-999,421.5,388.8,-999,-999,-999,-999,-999,-999
CRIMP1_158W_21N,21.428,-157.788,2/18/2008,15:16,423.4,2,11.64,389.7,2,11.07,1017.3,24.4,99.71,-999,-999,428.3,394,-999,-999,-999,-999,-999,-999
CRIMP1_158W_21N,21.428,-157.788,2/18/2008,18:16,407.8,2,13.21,388.7,2,12.38,1018.4,23.8,99.81,-999,-999,413.2,393.6,-999,-999,-999,-999,-999,-999
CRIMP1_158W_21N,21.428,-157.788,2/18/2008,21:16,443.4,2,14.64,377.7,2,14.44,1018.4,24.4,99.57,-999,-999,450,383.2,-999,-999,-999,-999,-999,-999
CRIMP1_158W_21N,21.428,-157.788,2/19/2008,0:16,429.7,2,15.64,375.9,2,15.33,1016.6,25.7,99.76,-999,-999,436.6,381.7,-999,-999,-999,-999,-999,-999
CRIMP1_158W_21N,21.428,-157.788,2/19/2008,3:16,410,2,9.77,380.5,2,8.15,1017.4,26.5,100.39,-999,-999,414.1,383.7,-999,-999,-999,-999,-999,-999
CRIMP1_158W_21N,21.428,-157.788,2/19/2008,6:16,403.5,2,13.17,379.7,2,11.89,1019.4,26.4,100.77,-999,-999,408.9,384.2,-999,-999,-999,-999,-999,-999
CRIMP1_158W_21N,21.428,-157.788,2/19/2008,9:16,413.7,2,12.47,398.4,2,11.54,1019.7,25.9,100.86,-999,-999,418.9,403.1,-999,-999,-999,-999,-999,-999
CRIMP1_158W_21N,21.428,-157.788,2/19/2008,12:16,410.8,2,12.34,388.1,2,11.44,1019.1,25.3,100.86,-999,-999,415.9,392.6,-999,-999,-999,-999,-999,-999
CRIMP1_158W_21N,21.428,-157.788,2/19/2008,15:16,420.9,2,11.83,406.2,2,10.97,1019,24.7,100.53,-999,-999,425.9,410.7,-999,-999,-999,-999,-999,-999
CRIMP1_158W_21N,21.428,-157.788,2/19/2008,18:16,412.5,2,13.54,411.3,2,13.06,1020.6,24.1,100.43,-999,-999,418.1,416.7,-999,-999,-999,-999,-999,-999
CRIMP1_158W_21N,21.428,-157.788,2/19/2008,21:16,454.7,2,14.6,377.8,2,14.03,1021,24.4,99.86,-999,-999,461.4,383.2,-999,-999,-999,-999,-999,-999
CRIMP1_158W_21N,21.428,-157.788,2/20/2008,0:16,415.3,2,15.42,376.7,2,15.2,1019,25.6,100.34,-999,-999,421.8,382.5,-999,-999,-999,-999,-999,-999
CRIMP1_158W_21N,21.428,-157.788,2/20/2008,3:16,415.2,2,12.58,379.2,2,9.93,1019.5,26.8,100.48,-999,-999,420.5,383,-999,-999,-999,-999,-999,-999
CRIMP1_158W_21N,21.428,-157.788,2/20/2008,6:16,416.7,2,13.21,380.7,2,11.23,1021.6,26.9,100.86,-999,-999,422.3,385,-999,-999,-999,-999,-999,-999
CRIMP1_158W_21N,21.428,-157.788,2/20/2008,9:16,396.4,2,12.28,394.4,2,11.02,1021.9,26.2,101.67,-999,-999,401.3,398.8,-999,-999,-999,-999,-999,-999
CRIMP1_158W_21N,21.428,-157.788,2/20/2008,12:16,405.1,2,11.64,390.6,2,10.74,1021.7,25.2,101.81,-999,-999,409.9,394.8,-999,-999,-999,-999,-999,-999
CRIMP1_158W_21N,21.428,-157.788,2/20/2008,15:16,436.7,2,11.1,395.1,2,10.25,1021.1,24.3,101.19,-999,-999,441.6,399.2,-999,-999,-999,-999,-999,-999
CRIMP1_158W_21N,21.428,-157.788,2/20/2008,18:16,412.6,2,11.99,412.3,2,11.24,1022.1,23.7,100.95,-999,-999,417.6,417,-999,-999,-999,-999,-999,-999
CRIMP1_158W_21N,21.428,-157.788,2/20/2008,21:16,400.5,2,14.43,380.1,2,13.12,1022.3,23.9,100.91,-999,-999,406.3,385.2,-999,-999,-999,-999,-999,-999
CRIMP1_158W_21N,21.428,-157.788,2/21/2008,0:16,400.7,2,14.97,376.8,2,14.77,1020.3,24.8,101.54,-999,-999,406.8,382.5,-999,-999,-999,-999,-999,-999
CRIMP1_158W_21N,21.428,-157.788,2/21/2008,3:16,391.4,2,13.48,379.1,2,11.6,1020.6,25.9,101.68,-999,-999,396.8,383.5,-999,-999,-999,-999,-999,-999
CRIMP1_158W_21N,21.428,-157.788,2/21/2008,6:16,388.3,2,12.45,380.4,2,11.27,1021.8,25.9,102.01,-999,-999,393.2,384.7,-999,-999,-999,-999,-999,-999
CRIMP1_158W_21N,21.428,-157.788,2/21/2008,9:16,415.8,2,12.45,389.1,2,11.24,1022.1,25.5,101.82,-999,-999,421,393.5,-999,-999,-999,-999,-999,-999
CRIMP1_158W_21N,21.428,-157.788,2/21/2008,12:16,413.4,2,12.77,379.7,2,11.58,1021,25,101.72,-999,-999,418.7,384.2,-999,-999,-999,-999,-999,-999
CRIMP1_158W_21N,21.428,-157.788,2/21/2008,15:16,415,2,12.92,380,2,11.74,1020.3,24.8,101.44,-999,-999,420.4,384.5,-999,-999,-999,-999,-999,-999
CRIMP1_158W_21N,21.428,-157.788,2/21/2008,18:16,418.3,2,14.12,393,2,12.68,1021,24.4,100.96,-999,-999,424.3,398,-999,-999,-999,-999,-999,-999
CRIMP1_158W_21N,21.428,-157.788,2/21/2008,21:16,413.2,2,15.35,379.5,2,13.06,1020.9,24.8,100.91,-999,-999,419.7,384.5,-999,-999,-999,-999,-999,-999
CRIMP1_158W_21N,21.428,-157.788,2/22/2008,0:16,412.3,2,15.49,379.2,2,12.64,1018,26,101.16,-999,-999,418.8,384.1,-999,-999,-999,-999,-999,-999
CRIMP1_158W_21N,21.428,-157.788,2/22/2008,3:16,390.2,2,16.24,382,2,12.27,1017.8,26.8,101.88,-999,-999,396.6,386.7,-999,-999,-999,-999,-999,-999
CRIMP1_158W_21N,21.428,-157.788,2/22/2008,6:16,380.9,2,12.47,385.7,2,10.44,1019.4,27.2,102.45,-999,-999,385.7,389.7,-999,-999,-999,-999,-999,-999
CRIMP1_158W_21N,21.428,-157.788,2/22/2008,9:16,391.2,2,11.82,391.4,2,10.54,1019.7,26.2,102.64,-999,-999,395.9,395.6,-999,-999,-999,-999,-999,-999
CRIMP1_158W_21N,21.428,-157.788,2/22/2008,12:16,397.5,2,11.45,402.7,2,10.54,1018.3,25.2,102.54,-999,-999,402.1,407,-999,-999,-999,-999,-999,-999
CRIMP1_158W_21N,21.428,-157.788,2/22/2008,15:16,410,2,10.79,393.8,2,10.22,1017.8,24.2,102.1,-999,-999,414.4,397.9,-999,-999,-999,-999,-999,-999
CRIMP1_158W_21N,21.428,-157.788,2/22/2008,18:16,397.4,2,12.5,393.2,2,11.96,1019,23.4,101.87,-999,-999,402.5,398,-999,-999,-999,-999,-999,-999
CRIMP1_158W_21N,21.428,-157.788,2/22/2008,21:16,388.8,2,15.11,380.5,2,13.4,1019.3,24.1,101.97,-999,-999,394.8,385.6,-999,-999,-999,-999,-999,-999
CRIMP1_158W_21N,21.428,-157.788,2/23/2008,0:16,416.5,2,15.45,376.7,2,15.45,1016.6,25.5,102.33,-999,-999,423.1,382.6,-999,-999,-999,-999,-999,-999
CRIMP1_158W_21N,21.428,-157.788,2/23/2008,3:16,391.2,2,8.35,379.2,2,5.68,1016.7,26.9,102.32,-999,-999,394.5,381.4,-999,-999,-999,-999,-999,-999
CRIMP1_158W_21N,21.428,-157.788,2/23/2008,6:16,402.1,2,13.18,380.3,2,11.53,1018.2,26.9,102.27,-999,-999,407.5,384.7,-999,-999,-999,-999,-999,-999
CRIMP1_158W_21N,21.428,-157.788,2/23/2008,9:16,379.7,2,12.71,391.2,2,11.12,1018.6,26.2,102.69,-999,-999,384.6,395.6,-999,-999,-999,-999,-999,-999
CRIMP1_158W_21N,21.428,-157.788,2/23/2008,12:16,389.9,2,11.53,405.9,2,10.62,1016.8,25.4,102.89,-999,-999,394.5,410.3,-999,-999,-999,-999,-999,-999
CRIMP1_158W_21N,21.428,-157.788,2/23/2008,15:16,406.5,2,11.65,390.2,2,10.48,1016.3,24.5,102.6,-999,-999,411.3,394.4,-999,-999,-999,-999,-999,-999
CRIMP1_158W_21N,21.428,-157.788,2/23/2008,18:16,428.1,2,13.18,405.1,2,12.06,1017.6,23.8,101.73,-999,-999,433.8,410.1,-999,-999,-999,-999,-999,-999
CRIMP1_158W_21N,21.428,-157.788,2/23/2008,21:16,416.1,2,15.13,378.1,2,13.38,1017.2,24.4,101.55,-999,-999,422.4,383.2,-999,-999,-999,-999,-999,-999
CRIMP1_158W_21N,21.428,-157.788,2/24/2008,0:16,395.4,2,15.79,376.5,2,15.26,1014.7,25.6,102.19,-999,-999,401.8,382.4,-999,-999,-999,-999,-999,-999
CRIMP1_158W_21N,21.428,-157.788,2/24/2008,3:16,408.5,2,15.36,379,2,11.44,1014.5,26.5,101.84,-999,-999,414.8,383.4,-999,-999,-999,-999,-999,-999
CRIMP1_158W_21N,21.428,-157.788,2/24/2008,6:16,392.6,2,12.8,380.8,2,11.16,1016,26.7,102.37,-999,-999,397.7,385.1,-999,-999,-999,-999,-999,-999
CRIMP1_158W_21N,21.428,-157.788,2/24/2008,9:16,401,2,14.09,379.5,2,11.85,1016.6,26.2,102.17,-999,-999,406.8,384.1,-999,-999,-999,-999,-999,-999
CRIMP1_158W_21N,21.428,-157.788,2/24/2008,12:16,404.1,2,14.18,379.5,2,11.97,1015.4,25.9,102.08,-999,-999,409.9,384.1,-999,-999,-999,-999,-999,-999
CRIMP1_158W_21N,21.428,-157.788,2/24/2008,15:16,406.2,2,14.25,379.6,2,12.39,1014.5,25.6,101.84,-999,-999,412.1,384.3,-999,-999,-999,-999,-999,-999
CRIMP1_158W_21N,21.428,-157.788,2/24/2008,18:16,401.7,2,13.22,379.2,2,12.6,1016,25.5,101.84,-999,-999,407.1,384,-999,-999,-999,-999,-999,-999
CRIMP1_158W_21N,21.428,-157.788,2/24/2008,21:16,408.6,2,13.13,378.3,2,12.22,1016.6,25.4,101.4,-999,-999,414,382.9,-999,-999,-999,-999,-999,-999
CRIMP1_158W_21N,21.428,-157.788,2/25/2008,0:16,387.5,2,13.29,376.3,2,12.76,1015.5,25.2,101.64,-999,-999,392.7,381.2,-999,-999,-999,-999,-999,-999
CRIMP1_158W_21N,21.428,-157.788,2/25/2008,3:16,374.4,2,15.29,379.8,2,12.54,1015.2,25.3,101.64,-999,-999,380.2,384.6,-999,-999,-999,-999,-999,-999
CRIMP1_158W_21N,21.428,-157.788,2/25/2008,6:16,383.7,2,12.98,381,2,11.13,1016.4,25.6,102.01,-999,-999,388.8,385.3,-999,-999,-999,-999,-999,-999
CRIMP1_158W_21N,21.428,-157.788,2/25/2008,9:16,383,2,12.36,391.1,2,11.16,1017.2,25.2,102.06,-999,-999,387.8,395.5,-999,-999,-999,-999,-999,-999
CRIMP1_158W_21N,21.428,-157.788,2/25/2008,12:16,381.4,2,12.59,384.2,2,11.42,1016.6,24.7,101.96,-999,-999,386.2,388.6,-999,-999,-999,-999,-999,-999
CRIMP1_158W_21N,21.428,-157.788,2/25/2008,15:16,390.2,2,12.01,389.6,2,11.43,1016.6,24.3,101.91,-999,-999,394.9,394.1,-999,-999,-999,-999,-999,-999
CRIMP1_158W_21N,21.428,-157.788,2/25/2008,18:16,408.3,2,13.38,396.6,2,12.82,1017.6,23.9,101.58,-999,-999,413.8,401.8,-999,-999,-999,-999,-999,-999
CRIMP1_158W_21N,21.428,-157.788,2/25/2008,21:16,403.5,2,14.73,381.5,2,11.26,1018.7,24.4,100.81,-999,-999,409.5,385.8,-999,-999,-999,-999,-999,-999
CRIMP1_158W_21N,21.428,-157.788,2/26/2008,0:16,394.2,2,15.39,382.4,2,11.77,1016.4,25.1,101.15,-999,-999,400.3,386.9,-999,-999,-999,-999,-999,-999
CRIMP1_158W_21N,21.428,-157.788,2/26/2008,3:16,395.9,2,13.68,382.8,2,10.26,1016.8,25.7,101.49,-999,-999,401.4,386.8,-999,-999,-999,-999,-999,-999
CRIMP1_158W_21N,21.428,-157.788,2/26/2008,6:16,399.3,2,12.57,382.9,2,10.42,1018.7,25.6,101.53,-999,-999,404.4,387,-999,-999,-999,-999,-999,-999
CRIMP1_158W_21N,21.428,-157.788,2/26/2008,9:16,388.4,2,12.57,384.1,2,10.17,1019,25.1,101.48,-999,-999,393.3,388.1,-999,-999,-999,-999,-999,-999
CRIMP1_158W_21N,21.428,-157.788,2/26/2008,12:16,395.3,2,10.92,405.1,2,9.77,1017.5,24.3,101.58,-999,-999,399.7,409.1,-999,-999,-999,-999,-999,-999
CRIMP1_158W_21N,21.428,-157.788,2/26/2008,15:16,396.6,2,10.41,393.9,2,9.31,1017.2,23.7,101.43,-999,-999,400.8,397.6,-999,-999,-999,-999,-999,-999
CRIMP1_158W_21N,21.428,-157.788,2/26/2008,18:16,413.7,2,12.59,404.3,2,11.01,1018.2,23.1,100.81,-999,-999,419,408.8,-999,-999,-999,-999,-999,-999
CRIMP1_158W_21N,21.428,-157.788,2/26/2008,21:16,435.8,2,14.31,383,2,12.69,1019,23.4,100.48,-999,-999,442.2,387.9,-999,-999,-999,-999,-999,-999
CRIMP1_158W_21N,21.428,-157.788,2/27/2008,0:16,408.2,2,14.82,378.5,2,14.91,1016.7,24.9,100.97,-999,-999,414.3,384.2,-999,-999,-999,-999,-999,-999
CRIMP1_158W_21N,21.428,-157.788,2/27/2008,3:16,393.5,2,10.82,381.8,2,8.39,1016.7,25.7,101.2,-999,-999,397.8,385,-999,-999,-999,-999,-999,-999
CRIMP1_158W_21N,21.428,-157.788,2/27/2008,6:16,399.1,2,11.96,394.2,2,10.43,1018.6,25.6,101.34,-999,-999,403.9,398.4,-999,-999,-999,-999,-999,-999
CRIMP1_158W_21N,21.428,-157.788,2/27/2008,9:16,388.1,2,11.17,406.4,2,10.28,1019.2,24.9,101.72,-999,-999,392.5,410.6,-999,-999,-999,-999,-999,-999
CRIMP1_158W_21N,21.428,-157.788,2/27/2008,12:16,392.6,2,10.93,394.8,2,10.09,1018.2,24,101.72,-999,-999,397,398.8,-999,-999,-999,-999,-999,-999
CRIMP1_158W_21N,21.428,-157.788,2/27/2008,15:16,404.7,2,10.42,396.3,2,9.62,1017.7,23.2,101.48,-999,-999,409,400.2,-999,-999,-999,-999,-999,-999
CRIMP1_158W_21N,21.428,-157.788,2/27/2008,18:16,408.7,2,12.27,407.1,2,11.24,1019.6,22.4,101.05,-999,-999,413.7,411.7,-999,-999,-999,-999,-999,-999
CRIMP1_158W_21N,21.428,-157.788,2/27/2008,21:16,422,2,13.85,380.3,2,13.38,1019.9,23.4,101.2,-999,-999,427.9,385.5,-999,-999,-999,-999,-999,-999
CRIMP1_158W_21N,21.428,-157.788,2/28/2008,0:16,410.9,2,14.17,381.4,2,11.45,1017.8,25.1,101.15,-999,-999,416.9,385.8,-999,-999,-999,-999,-999,-999
CRIMP1_158W_21N,21.428,-157.788,2/28/2008,3:16,371.7,2,14.22,382.9,2,11.38,1018.3,26.1,102.55,-999,-999,377.1,387.3,-999,-999,-999,-999,-999,-999
CRIMP1_158W_21N,21.428,-157.788,2/28/2008,6:16,395.6,2,12.55,391.7,2,10.67,1019.7,26,102.63,-999,-999,400.6,395.9,-999,-999,-999,-999,-999,-999
CRIMP1_158W_21N,21.428,-157.788,2/28/2008,9:16,388.2,2,12.03,393.5,2,10.52,1020.2,25.3,102.72,-999,-999,392.9,397.7,-999,-999,-999,-999,-999,-999
CRIMP1_158W_21N,21.428,-157.788,2/28/2008,12:16,403.5,2,11.83,409.7,2,10.97,1019.1,24.5,102.48,-999,-999,408.3,414.3,-999,-999,-999,-999,-999,-999
CRIMP1_158W_21N,21.428,-157.788,2/28/2008,15:16,403.8,2,11.9,387.6,2,11.07,1019,23.8,102.1,-999,-999,408.6,391.9,-999,-999,-999,-999,-999,-999
CRIMP1_158W_21N,21.428,-157.788,2/28/2008,18:16,420.3,2,12.55,400.1,2,11.74,1020.7,23.5,101.48,-999,-999,425.7,404.8,-999,-999,-999,-999,-999,-999
CRIMP1_158W_21N,21.428,-157.788,2/28/2008,21:16,437.1,2,14.63,379.4,2,13.5,1020.9,24,100.86,-999,-999,443.6,384.6,-999,-999,-999,-999,-999,-999
CRIMP1_158W_21N,21.428,-157.788,2/29/2008,0:16,453.7,2,14.69,380.4,2,12.34,1019.5,24.8,100.82,-999,-999,460.4,385.2,-999,-999,-999,-999,-999,-999
CRIMP1_158W_21N,21.428,-157.788,2/29/2008,3:16,413.7,2,13.93,380.7,2,12.49,1019.3,25.4,101.3,-999,-999,419.5,385.5,-999,-999,-999,-999,-999,-999
CRIMP1_158W_21N,21.428,-157.788,2/29/2008,6:16,408.1,2,13.31,381.2,2,12.48,1020.1,25.4,101.58,-999,-999,413.6,386,-999,-999,-999,-999,-999,-999
CRIMP1_158W_21N,21.428,-157.788,2/29/2008,9:16,412.6,2,13.14,381,2,11.95,1020.9,25.1,101.48,-999,-999,418.1,385.6,-999,-999,-999,-999,-999,-999
CRIMP1_158W_21N,21.428,-157.788,2/29/2008,12:16,445,2,12.94,380.9,2,12.05,1018.7,24.9,101.01,-999,-999,450.8,385.5,-999,-999,-999,-999,-999,-999
CRIMP1_158W_21N,21.428,-157.788,2/29/2008,15:16,452.8,2,12.86,379.8,2,12.28,1018.2,24.6,100.53,-999,-999,458.7,384.5,-999,-999,-999,-999,-999,-999
CRIMP1_158W_21N,21.428,-157.788,2/29/2008,18:16,446.4,2,13.55,379,2,12.69,1019.9,24.5,100,-999,-999,452.5,383.9,-999,-999,-999,-999,-999,-999
CRIMP1_158W_21N,21.428,-157.788,2/29/2008,21:16,473.6,2,14.68,379.2,2,12.62,1020.2,24.7,99.38,-999,-999,480.6,384,-999,-999,-999,-999,-999,-999
CRIMP1_158W_21N,21.428,-157.788,3/1/2008,0:16,437.1,2,14.25,379,2,12.73,1018.2,25.3,99.71,-999,-999,443.4,383.9,-999,-999,-999,-999,-999,-999
CRIMP1_158W_21N,21.428,-157.788,3/1/2008,3:16,453.8,2,13.58,379,2,12.35,1017.8,25.6,100.1,-999,-999,460.1,383.7,-999,-999,-999,-999,-999,-999
CRIMP1_158W_21N,21.428,-157.788,3/1/2008,6:16,436.2,2,13.02,378.8,2,12.42,1019,25.4,100.34,-999,-999,441.9,383.6,-999,-999,-999,-999,-999,-999
CRIMP1_158W_21N,21.428,-157.788,3/1/2008,9:16,438.7,2,13.46,378.7,2,12.56,1019.7,25.1,100.29,-999,-999,444.6,383.5,-999,-999,-999,-999,-999,-999
CRIMP1_158W_21N,21.428,-157.788,3/1/2008,12:16,440.3,2,12.43,383,2,11.84,1017.8,24.9,100,-999,-999,445.8,387.6,-999,-999,-999,-999,-999,-999
CRIMP1_158W_21N,21.428,-157.788,3/1/2008,15:16,450.2,2,11.21,394.1,2,10.63,1017.6,24.4,99.57,-999,-999,455.3,398.3,-999,-999,-999,-999,-999,-999
CRIMP1_158W_21N,21.428,-157.788,3/1/2008,18:16,431.5,2,13.01,385.4,2,12.73,1019,23.8,99.38,-999,-999,437.1,390.3,-999,-999,-999,-999,-999,-999
CRIMP1_158W_21N,21.428,-157.788,3/1/2008,21:16,438.5,2,14.9,377.1,2,14.03,1018.8,24.5,99.18,-999,-999,445.2,382.4,-999,-999,-999,-999,-999,-999
CRIMP1_158W_21N,21.428,-157.788,3/2/2008,0:16,435.4,2,14.53,378.6,2,11.75,1016.2,25.6,99.04,-999,-999,441.8,383.1,-999,-999,-999,-999,-999,-999
CRIMP1_158W_21N,21.428,-157.788,3/2/2008,3:16,455.2,2,15.05,379.1,2,12.17,1016.7,26.2,99.28,-999,-999,462.1,383.8,-999,-999,-999,-999,-999,-999
CRIMP1_158W_21N,21.428,-157.788,3/2/2008,6:16,443.8,2,13.11,388.7,2,11.19,1018.4,26.3,99.47,-999,-999,449.7,393.1,-999,-999,-999,-999,-999,-999
CRIMP1_158W_21N,21.428,-157.788,3/2/2008,9:16,421.3,2,12.64,393,2,11.4,1019.4,25.7,99.71,-999,-999,426.7,397.6,-999,-999,-999,-999,-999,-999
CRIMP1_158W_21N,21.428,-157.788,3/2/2008,12:16,424.8,2,12.21,398,2,11.32,1017.9,25.1,99.76,-999,-999,430,402.6,-999,-999,-999,-999,-999,-999
CRIMP1_158W_21N,21.428,-157.788,3/2/2008,15:16,451.6,2,12.43,414.8,2,11.56,1017.9,24.6,99.33,-999,-999,457.3,419.7,-999,-999,-999,-999,-999,-999
CRIMP1_158W_21N,21.428,-157.788,3/2/2008,18:16,441.9,2,13.4,385.7,2,12.46,1019.7,24.3,99.04,-999,-999,447.9,390.6,-999,-999,-999,-999,-999,-999
CRIMP1_158W_21N,21.428,-157.788,3/2/2008,21:16,446.8,2,15.19,379.4,2,14.02,1019.4,24.6,99.18,-999,-999,453.7,384.8,-999,-999,-999,-999,-999,-999
CRIMP1_158W_21N,21.428,-157.788,3/3/2008,0:16,507.2,2,16.13,376.7,2,15.91,1017.2,25.9,98.93,-999,-999,515.5,382.8,-999,-999,-999,-999,-999,-999
CRIMP1_158W_21N,21.428,-157.788,3/3/2008,3:16,451.6,2,11.14,377.6,2,9.5,1017.4,26.6,99.28,-999,-999,456.7,381.3,-999,-999,-999,-999,-999,-999
CRIMP1_158W_21N,21.428,-157.788,3/3/2008,6:16,431.7,2,12.61,388.1,2,11.64,1019.3,26.5,99.71,-999,-999,437.2,392.7,-999,-999,-999,-999,-999,-999
CRIMP1_158W_21N,21.428,-157.788,3/3/2008,9:16,443.1,2,12.09,406.4,2,11.47,1019.8,25.8,99.9,-999,-999,448.6,411.1,-999,-999,-999,-999,-999,-999
CRIMP1_158W_21N,21.428,-157.788,3/3/2008,12:16,429.8,2,11.61,391.9,2,11.01,1018.4,25.1,99.9,-999,-999,434.8,396.3,-999,-999,-999,-999,-999,-999
CRIMP1_158W_21N,21.428,-157.788,3/3/2008,15:16,443.5,2,11.77,386,2,11.2,1018.2,24.4,99.57,-999,-999,448.8,390.4,-999,-999,-999,-999,-999,-999
CRIMP1_158W_21N,21.428,-157.788,3/3/2008,18:16,459.7,2,12.59,406.7,2,12.03,1020.5,24,98.99,-999,-999,465.5,411.7,-999,-999,-999,-999,-999,-999
CRIMP1_158W_21N,21.428,-157.788,3/3/2008,21:16,478.9,2,15.1,379.2,2,13.47,1020.2,24.2,98.36,-999,-999,486.2,384.4,-999,-999,-999,-999,-999,-999
CRIMP1_158W_21N,21.428,-157.788,3/4/2008,0:16,460.3,2,15.56,377.4,2,15.25,1017.6,25.3,98.69,-999,-999,467.6,383.3,-999,-999,-999,-999,-999,-999
CRIMP1_158W_21N,21.428,-157.788,3/4/2008,3:16,439.2,2,14.06,379.5,2,12.58,1017.4,25.8,99.03,-999,-999,445.5,384.4,-999,-999,-999,-999,-999,-999
CRIMP1_158W_21N,21.428,-157.788,3/4/2008,6:16,437.9,2,12.8,379.6,2,11.86,1018.4,25.8,99.33,-999,-999,443.6,384.2,-999,-999,-999,-999,-999,-999
CRIMP1_158W_21N,21.428,-157.788,3/4/2008,9:16,460.8,2,13.17,380.2,2,12.25,1020.1,25.5,99.18,-999,-999,467,384.9,-999,-999,-999,-999,-999,-999
CRIMP1_158W_21N,21.428,-157.788,3/4/2008,12:16,448.7,2,12.64,380.7,2,12.04,1019.3,25.2,99.23,-999,-999,454.5,385.4,-999,-999,-999,-999,-999,-999
CRIMP1_158W_21N,21.428,-157.788,3/4/2008,15:16,451.7,2,12.8,380,2,11.91,1018,24.9,98.99,-999,-999,457.6,384.6,-999,-999,-999,-999,-999,-999
CRIMP1_158W_21N,21.428,-157.788,3/4/2008,18:16,448.8,2,13.43,379.8,2,12.26,1019.7,24.7,98.8,-999,-999,454.9,384.5,-999,-999,-999,-999,-999,-999
CRIMP1_158W_21N,21.428,-157.788,3/4/2008,21:16,484,2,15.64,378.9,2,13.84,1019.9,25.1,98.31,-999,-999,491.7,384.2,-999,-999,-999,-999,-999,-999
CRIMP1_158W_21N,21.428,-157.788,3/5/2008,0:16,483.7,2,15.55,379.5,2,12.31,1017.4,26.3,97.92,-999,-999,491.4,384.2,-999,-999,-999,-999,-999,-999
CRIMP1_158W_21N,21.428,-157.788,3/5/2008,3:16,485.2,2,15.53,379.9,2,12.57,1017.2,27.1,98.21,-999,-999,492.8,384.7,-999,-999,-999,-999,-999,-999
CRIMP1_158W_21N,21.428,-157.788,3/5/2008,6:16,457.3,2,13.08,380.1,2,11.47,1018.4,27.1,98.7,-999,-999,463.4,384.5,-999,-999,-999,-999,-999,-999
CRIMP1_158W_21N,21.428,-157.788,3/5/2008,9:16,452.8,2,13.25,379.9,2,12.28,1019.3,26.5,98.79,-999,-999,458.9,384.6,-999,-999,-999,-999,-999,-999
CRIMP1_158W_21N,21.428,-157.788,3/5/2008,12:16,454.8,2,13.52,380.7,2,12.26,1017.4,25.9,98.84,-999,-999,461,385.5,-999,-999,-999,-999,-999,-999
CRIMP1_158W_21N,21.428,-157.788,3/5/2008,15:16,465.2,2,13.59,380.5,2,12.66,1017.4,25.6,98.75,-999,-999,471.6,385.4,-999,-999,-999,-999,-999,-999
CRIMP1_158W_21N,21.428,-157.788,3/5/2008,18:16,477.2,2,14.62,379.7,2,13.4,1019.3,25.4,98.41,-999,-999,484.3,384.9,-999,-999,-999,-999,-999,-999
CRIMP1_158W_21N,21.428,-157.788,3/5/2008,21:16,476.9,2,15.82,379.6,2,13.65,1018.7,25.7,98.21,-999,-999,484.6,384.9,-999,-999,-999,-999,-999,-999
CRIMP1_158W_21N,21.428,-157.788,3/6/2008,0:16,462.9,2,16.74,377.1,2,15.77,1017.5,26.3,98.49,-999,-999,470.7,383.2,-999,-999,-999,-999,-999,-999
CRIMP1_158W_21N,21.428,-157.788,3/6/2008,3:16,448,2,13.85,379.1,2,12.2,1017.2,26.8,98.89,-999,-999,454.3,383.7,-999,-999,-999,-999,-999,-999
CRIMP1_158W_21N,21.428,-157.788,3/6/2008,6:16,453.8,2,13.26,379.6,2,12.04,1018.6,26.5,99.18,-999,-999,459.9,384.2,-999,-999,-999,-999,-999,-999
CRIMP1_158W_21N,21.428,-157.788,3/6/2008,9:16,449.9,2,13.57,379.5,2,12.31,1019.3,26,99.18,-999,-999,456.1,384.2,-999,-999,-999,-999,-999,-999
CRIMP1_158W_21N,21.428,-157.788,3/6/2008,12:16,457.2,2,13.27,389.8,2,12.34,1018.2,25.6,99.08,-999,-999,463.4,394.7,-999,-999,-999,-999,-999,-999
CRIMP1_158W_21N,21.428,-157.788,3/6/2008,15:16,447.3,2,13.34,379.7,2,12.13,1017.6,25.3,98.99,-999,-999,453.4,384.4,-999,-999,-999,-999,-999,-999
CRIMP1_158W_21N,21.428,-157.788,3/6/2008,18:16,462.1,2,15.26,378.8,2,13.46,1019.4,25,98.6,-999,-999,469.2,384,-999,-999,-999,-999,-999,-999
CRIMP1_158W_21N,21.428,-157.788,3/6/2008,21:16,463.4,2,15.93,378.6,2,13.17,1019.8,25.4,98.41,-999,-999,470.9,383.7,-999,-999,-999,-999,-999,-999
CRIMP1_158W_21N,21.428,-157.788,3/7/2008,0:16,485.5,2,14.73,379.4,2,12.16,1017.2,26.1,98.5,-999,-999,492.7,384.1,-999,-999,-999,-999,-999,-999
CRIMP1_158W_21N,21.428,-157.788,3/7/2008,3:16,454.6,2,14.43,380,2,11.8,1017.1,26.6,98.94,-999,-999,461.2,384.5,-999,-999,-999,-999,-999,-999
CRIMP1_158W_21N,21.428,-157.788,3/7/2008,6:16,448.5,2,13.27,380.1,2,11.65,1018.3,26.4,99.32,-999,-999,454.5,384.5,-999,-999,-999,-999,-999,-999
CRIMP1_158W_21N,21.428,-157.788,3/7/2008,9:16,443.9,2,13.19,380.3,2,11.93,1018.6,25.9,99.37,-999,-999,449.9,384.9,-999,-999,-999,-999,-999,-999
CRIMP1_158W_21N,21.428,-157.788,3/7/2008,12:16,448.5,2,13.11,392.8,2,11.66,1018.3,25.5,99.28,-999,-999,454.5,397.5,-999,-999,-999,-999,-999,-999
CRIMP1_158W_21N,21.428,-157.788,3/7/2008,15:16,461.1,2,12.21,394.2,2,11.01,1018.2,25.1,98.99,-999,-999,466.8,398.6,-999,-999,-999,-999,-999,-999
CRIMP1_158W_21N,21.428,-157.788,3/7/2008,18:16,459,2,14.51,411,2,13.06,1019.4,24.7,98.7,-999,-999,465.7,416.5,-999,-999,-999,-999,-999,-999
CRIMP1_158W_21N,21.428,-157.788,3/7/2008,21:16,475.3,2,15.55,380.1,2,14.14,1019.5,25.1,98.74,-999,-999,482.9,385.5,-999,-999,-999,-999,-999,-999
CRIMP1_158W_21N,21.428,-157.788,3/8/2008,0:16,474.5,2,15.13,380.8,2,12.56,1017.5,26.2,98.64,-999,-999,481.8,385.6,-999,-999,-999,-999,-999,-999
CRIMP1_158W_21N,21.428,-157.788,3/8/2008,3:16,463.5,2,13.84,381,2,11.86,1017.9,26.8,98.79,-999,-999,470,385.5,-999,-999,-999,-999,-999,-999
CRIMP1_158W_21N,21.428,-157.788,3/8/2008,6:16,464.5,2,13.25,381.1,2,11.64,1019.5,26.5,98.99,-999,-999,470.7,385.6,-999,-999,-999,-999,-999,-999
CRIMP1_158W_21N,21.428,-157.788,3/8/2008,9:16,445.6,2,12.55,397.2,2,11.6,1019.9,25.9,99.18,-999,-999,451.2,401.8,-999,-999,-999,-999,-999,-999
CRIMP1_158W_21N,21.428,-157.788,3/8/2008,12:16,439.6,2,11.89,405.3,2,10.97,1018.6,25.3,99.33,-999,-999,444.9,409.8,-999,-999,-999,-999,-999,-999
CRIMP1_158W_21N,21.428,-157.788,3/8/2008,15:16,446.8,2,11.7,401.8,2,10.89,1018,24.8,99.28,-999,-999,452.1,406.2,-999,-999,-999,-999,-999,-999
CRIMP1_158W_21N,21.428,-157.788,3/8/2008,18:16,452.8,2,13.97,392.7,2,13.4,1019.1,24.2,99.08,-999,-999,459.2,398.1,-999,-999,-999,-999,-999,-999
CRIMP1_158W_21N,21.428,-157.788,3/8/2008,21:16,472.6,2,15.66,377.9,2,15.66,1018.8,25,99.08,-999,-999,480.2,383.9,-999,-999,-999,-999,-999,-999
CRIMP1_158W_21N,21.428,-157.788,3/9/2008,0:16,489.1,2,16.07,377.3,2,15.41,1017,26.5,98.98,-999,-999,497.1,383.2,-999,-999,-999,-999,-999,-999
CRIMP1_158W_21N,21.428,-157.788,3/9/2008,3:16,506.8,2,13.57,380.3,2,10.44,1016.7,27.6,98.83,-999,-999,513.7,384.3,-999,-999,-999,-999,-999,-999
CRIMP1_158W_21N,21.428,-157.788,3/9/2008,6:16,477.5,2,12.36,398.4,2,10.99,1018,27.6,99.03,-999,-999,483.4,402.8,-999,-999,-999,-999,-999,-999
CRIMP1_158W_21N,21.428,-157.788,3/9/2008,9:16,441.1,2,12.04,389.8,2,10.74,1018.8,26.5,99.71,-999,-999,446.5,394,-999,-999,-999,-999,-999,-999
CRIMP1_158W_21N,21.428,-157.788,3/9/2008,12:16,412.4,2,12.04,394.8,2,10.8,1018.1,25.6,100.72,-999,-999,417.4,399.1,-999,-999,-999,-999,-999,-999
CRIMP1_158W_21N,21.428,-157.788,3/9/2008,15:16,432.5,2,11.84,393.9,2,10.95,1018,24.8,100.72,-999,-999,437.7,398.2,-999,-999,-999,-999,-999,-999
CRIMP1_158W_21N,21.428,-157.788,3/9/2008,18:16,456.9,2,13.77,388.4,2,12.98,1019.4,24.3,100.1,-999,-999,463.3,393.5,-999,-999,-999,-999,-999,-999
CRIMP1_158W_21N,21.428,-157.788,3/9/2008,21:16,490.1,2,15.55,379.2,2,14.66,1019.4,24.9,99.56,-999,-999,497.8,384.8,-999,-999,-999,-999,-999,-999
CRIMP1_158W_21N,21.428,-157.788,3/10/2008,0:16,483.3,2,16.53,376.1,2,16.2,1016.8,26.3,99.66,-999,-999,491.4,382.3,-999,-999,-999,-999,-999,-999
CRIMP1_158W_21N,21.428,-157.788,3/10/2008,3:16,495.6,2,13.77,379.2,2,10.41,1016.8,27.1,99.27,-999,-999,502.5,383.2,-999,-999,-999,-999,-999,-999
CRIMP1_158W_21N,21.428,-157.788,3/10/2008,6:16,479.3,2,12.48,401.1,2,11.13,1018.2,27.2,99.57,-999,-999,485.4,405.7,-999,-999,-999,-999,-999,-999
CRIMP1_158W_21N,21.428,-157.788,3/10/2008,9:16,449.3,2,12.22,390.1,2,10.93,1019,26.5,99.86,-999,-999,454.9,394.4,-999,-999,-999,-999,-999,-999
CRIMP1_158W_21N,21.428,-157.788,3/10/2008,12:16,428,2,12.04,390.5,2,11.11,1017.8,25.6,100.24,-999,-999,433.2,394.9,-999,-999,-999,-999,-999,-999
CRIMP1_158W_21N,21.428,-157.788,3/10/2008,15:16,436.8,2,11.7,392.1,2,10.82,1017.6,24.9,100.34,-999,-999,441.9,396.4,-999,-999,-999,-999,-999,-999
CRIMP1_158W_21N,21.428,-157.788,3/10/2008,18:16,449.6,2,13.89,396.7,2,13.04,1019.4,24.4,100.05,-999,-999,455.9,402,-999,-999,-999,-999,-999,-999
CRIMP1_158W_21N,21.428,-157.788,3/10/2008,21:16,477.7,2,15.37,379.1,2,14.78,1019.4,24.8,99.81,-999,-999,485.2,384.8,-999,-999,-999,-999,-999,-999
CRIMP1_158W_21N,21.428,-157.788,3/11/2008,0:16,478.6,2,15.81,378.5,2,15.18,1017.4,26,99.71,-999,-999,486.2,384.3,-999,-999,-999,-999,-999,-999
CRIMP1_158W_21N,21.428,-157.788,3/11/2008,3:16,464.8,2,13.92,380.1,2,11.73,1017.7,26.5,99.47,-999,-999,471.3,384.6,-999,-999,-999,-999,-999,-999
CRIMP1_158W_21N,21.428,-157.788,3/11/2008,6:16,475,2,13.58,393.5,2,11.96,1019.3,26.4,99.32,-999,-999,481.5,398.2,-999,-999,-999,-999,-999,-999
CRIMP1_158W_21N,21.428,-157.788,3/11/2008,9:16,461.6,2,13.96,385.6,2,12.38,1020.1,26.1,99.33,-999,-999,468.1,390.5,-999,-999,-999,-999,-999,-999
CRIMP1_158W_21N,21.428,-157.788,3/11/2008,12:16,490.2,2,13.49,385.4,2,12.55,1019.7,25.9,98.8,-999,-999,496.9,390.3,-999,-999,-999,-999,-999,-999
CRIMP1_158W_21N,21.428,-157.788,3/11/2008,15:16,488.6,2,12.49,407.9,2,11.95,1019.4,25.4,98.27,-999,-999,494.8,412.9,-999,-999,-999,-999,-999,-999
CRIMP1_158W_21N,21.428,-157.788,3/11/2008,18:16,516.7,2,14.46,406.2,2,13.58,1020.7,24.8,97.64,-999,-999,524.3,411.8,-999,-999,-999,-999,-999,-999
CRIMP1_158W_21N,21.428,-157.788,3/11/2008,21:16,507.5,2,15.9,377,2,14.68,1021.4,25.3,97.54,-999,-999,515.7,382.6,-999,-999,-999,-999,-999,-999
CRIMP1_158W_21N,21.428,-157.788,3/12/2008,0:16,483.7,2,16.39,377.7,2,14.87,1019.1,26.3,97.72,-999,-999,491.8,383.5,-999,-999,-999,-999,-999,-999
CRIMP1_158W_21N,21.428,-157.788,3/12/2008,3:16,469.6,2,15.42,378.8,2,12.41,1018.4,27,98.5,-999,-999,477,383.6,-999,-999,-999,-999,-999,-999
CRIMP1_158W_21N,21.428,-157.788,3/12/2008,6:16,472.7,2,13.13,379.1,2,11.78,1020.3,27.2,98.99,-999,-999,479,383.6,-999,-999,-999,-999,-999,-999
CRIMP1_158W_21N,21.428,-157.788,3/12/2008,9:16,471.1,2,13.72,379.5,2,12.41,1020.7,26.6,99.04,-999,-999,477.7,384.2,-999,-999,-999,-999,-999,-999
CRIMP1_158W_21N,21.428,-157.788,3/12/2008,12:16,480.3,2,14.06,379.6,2,12.78,1019.4,26.2,98.84,-999,-999,487.1,384.5,-999,-999,-999,-999,-999,-999
CRIMP1_158W_21N,21.428,-157.788,3/12/2008,15:16,-999,4,13.73,379.9,2,12.48,1019.1,25.8,97.88,-999,-999,-999,384.7,-999,-999,-999,-999,-999,-999
CRIMP1_158W_21N,21.428,-157.788,3/12/2008,18:16,538.5,2,14.99,379.4,2,12.85,1021,25.4,97.31,-999,-999,546.6,384.4,-999,-999,-999,-999,-999,-999
CRIMP1_158W_21N,21.428,-157.788,3/12/2008,21:16,499.8,2,14.86,380.5,2,12.38,1021.1,25.6,97.3,-999,-999,507.4,385.2,-999,-999,-999,-999,-999,-999
CRIMP1_158W_21N,21.428,-157.788,3/13/2008,0:16,485.8,2,14.15,380.1,2,12.54,1018.8,26.2,97.63,-999,-999,492.8,384.9,-999,-999,-999,-999,-999,-999
CRIMP1_158W_21N,21.428,-157.788,3/13/2008,3:16,477.4,2,13.52,380.2,2,12.23,1017.8,26.3,98.07,-999,-999,484,384.9,-999,-999,-999,-999,-999,-999
CRIMP1_158W_21N,21.428,-157.788,3/13/2008,6:16,473.4,2,13.49,380.3,2,12.23,1019.7,25.9,98.22,-999,-999,479.9,385,-999,-999,-999,-999,-999,-999
CRIMP1_158W_21N,21.428,-157.788,3/13/2008,9:16,470.4,2,13.38,380.7,2,11.93,1020.6,25.5,98.37,-999,-999,476.8,385.3,-999,-999,-999,-999,-999,-999
CRIMP1_158W_21N,21.428,-157.788,3/13/2008,12:16,493.1,2,12.34,383.9,2,11.74,1019.1,25.3,98.41,-999,-999,499.3,388.4,-999,-999,-999,-999,-999,-999
CRIMP1_158W_21N,21.428,-157.788,3/13/2008,15:16,576.9,2,12.64,381,2,12.06,1018.6,24.8,97.98,-999,-999,584.3,385.7,-999,-999,-999,-999,-999,-999
CRIMP1_158W_21N,21.428,-157.788,3/13/2008,18:16,522.4,2,14.6,379.7,2,13.14,1019.4,24.5,97.4,-999,-999,530.1,384.8,-999,-999,-999,-999,-999,-999
CRIMP1_158W_21N,21.428,-157.788,3/13/2008,21:16,507.4,2,14.56,380.1,2,13.08,1019.9,24.9,97.2,-999,-999,514.9,385.1,-999,-999,-999,-999,-999,-999
CRIMP1_158W_21N,21.428,-157.788,3/14/2008,0:16,523.6,2,13.72,380.7,2,12.5,1018,25.3,97.44,-999,-999,530.8,385.5,-999,-999,-999,-999,-999,-999
CRIMP1_158W_21N,21.428,-157.788,3/14/2008,3:16,487.1,2,14.2,380.2,2,12.66,1017.6,25.6,97.78,-999,-999,494.2,385.1,-999,-999,-999,-999,-999,-999
CRIMP1_158W_21N,21.428,-157.788,3/14/2008,6:16,471.1,2,13.1,380.2,2,12.49,1019.1,25.4,98.26,-999,-999,477.4,385.1,-999,-999,-999,-999,-999,-999
CRIMP1_158W_21N,21.428,-157.788,3/14/2008,9:16,475.5,2,13.24,380,2,12.34,1019.4,25.2,98.31,-999,-999,481.8,384.8,-999,-999,-999,-999,-999,-999
CRIMP1_158W_21N,21.428,-157.788,3/14/2008,12:16,478.4,2,13.18,380.6,2,12.28,1018.3,25.1,98.26,-999,-999,484.7,385.4,-999,-999,-999,-999,-999,-999
CRIMP1_158W_21N,21.428,-157.788,3/14/2008,15:16,496,2,13.4,380.5,2,12.8,1018.2,24.9,97.87,-999,-999,502.8,385.4,-999,-999,-999,-999,-999,-999
CRIMP1_158W_21N,21.428,-157.788,3/14/2008,18:16,484.2,2,13.89,380.2,2,13,1019.8,24.9,97.49,-999,-999,491,385.2,-999,-999,-999,-999,-999,-999
CRIMP1_158W_21N,21.428,-157.788,3/14/2008,21:16,501.8,2,14.35,379.8,2,12.93,1019.8,25.1,97.4,-999,-999,509.1,384.7,-999,-999,-999,-999,-999,-999
CRIMP1_158W_21N,21.428,-157.788,3/15/2008,0:16,487,2,14.5,380,2,12.65,1018.3,25.6,97.49,-999,-999,494.2,384.8,-999,-999,-999,-999,-999,-999
CRIMP1_158W_21N,21.428,-157.788,3/15/2008,3:16,468.2,2,14.13,379.6,2,12.88,1018.6,25.9,98.26,-999,-999,475,384.6,-999,-999,-999,-999,-999,-999
CRIMP1_158W_21N,21.428,-157.788,3/15/2008,6:16,473,2,13.33,380.1,2,12.09,1019.3,25.7,98.41,-999,-999,479.4,384.8,-999,-999,-999,-999,-999,-999
CRIMP1_158W_21N,21.428,-157.788,3/15/2008,9:16,478.5,2,13.09,380.4,2,12.18,1019.5,25.4,98.31,-999,-999,484.9,385.1,-999,-999,-999,-999,-999,-999
CRIMP1_158W_21N,21.428,-157.788,3/15/2008,12:16,498.3,2,13.25,380.2,2,12.27,1018.6,25.1,98.07,-999,-999,505,384.9,-999,-999,-999,-999,-999,-999
CRIMP1_158W_21N,21.428,-157.788,3/15/2008,15:16,496.6,2,12.72,380.4,2,12.13,1018.7,24.8,97.78,-999,-999,503,385.1,-999,-999,-999,-999,-999,-999
CRIMP1_158W_21N,21.428,-157.788,3/15/2008,18:16,492,2,13.43,380,2,12.55,1020,24.7,97.49,-999,-999,498.7,384.8,-999,-999,-999,-999,-999,-999
CRIMP1_158W_21N,21.428,-157.788,3/15/2008,21:16,486.1,2,13.88,379.9,2,12.78,1020.2,24.9,97.3,-999,-999,492.9,384.8,-999,-999,-999,-999,-999,-999
CRIMP1_158W_21N,21.428,-157.788,3/16/2008,0:16,483.2,2,13.86,379.8,2,12.36,1017.8,25.2,97.44,-999,-999,490,384.6,-999,-999,-999,-999,-999,-999
CRIMP1_158W_21N,21.428,-157.788,3/16/2008,3:16,476.9,2,13.27,379.5,2,12.06,1017.4,25.2,97.97,-999,-999,483.3,384.1,-999,-999,-999,-999,-999,-999
CRIMP1_158W_21N,21.428,-157.788,3/16/2008,6:16,467.2,2,12.87,379.7,2,11.98,1018.5,25.1,98.07,-999,-999,473.3,384.3,-999,-999,-999,-999,-999,-999
CRIMP1_158W_21N,21.428,-157.788,3/16/2008,9:16,463.9,2,12.64,380,2,11.75,1019.2,24.8,98.17,-999,-999,469.8,384.5,-999,-999,-999,-999,-999,-999
CRIMP1_158W_21N,21.428,-157.788,3/16/2008,12:16,466.5,2,12.87,380.3,2,11.99,1017.9,24.6,98.26,-999,-999,472.5,384.9,-999,-999,-999,-999,-999,-999
CRIMP1_158W_21N,21.428,-157.788,3/16/2008,15:16,474.3,2,12.8,380.4,2,11.93,1017.4,24.5,97.97,-999,-999,480.4,385,-999,-999,-999,-999,-999,-999
CRIMP1_158W_21N,21.428,-157.788,3/16/2008,18:16,505.9,2,13.28,380.1,2,12.41,1018.8,24.4,97.68,-999,-999,512.7,384.9,-999,-999,-999,-999,-999,-999
CRIMP1_158W_21N,21.428,-157.788,3/16/2008,21:16,493.6,2,13.73,380.6,2,12.27,1019.3,24.6,97.4,-999,-999,500.5,385.3,-999,-999,-999,-999,-999,-999
CRIMP1_158W_21N,21.428,-157.788,3/17/2008,0:16,481.3,2,13.92,380.3,2,12.44,1017.4,24.9,97.53,-999,-999,488.1,385.1,-999,-999,-999,-999,-999,-999
CRIMP1_158W_21N,21.428,-157.788,3/17/2008,3:16,465.5,2,13.18,380,2,12.58,1017.7,25.1,98.02,-999,-999,471.7,384.8,-999,-999,-999,-999,-999,-999
CRIMP1_158W_21N,21.428,-157.788,3/17/2008,6:16,472.5,3,12.5,380,2,12.2,1018.7,25,98.17,-999,-999,478.5,384.7,-999,-999,-999,-999,-999,-999
CRIMP1_158W_21N,21.428,-157.788,3/17/2008,9:16,462.7,3,12.93,379.6,2,12.34,1019.5,24.8,98.22,-999,-999,468.8,384.3,-999,-999,-999,-999,-999,-999
CRIMP1_158W_21N,21.428,-157.788,3/17/2008,12:16,467.7,3,12.87,379.8,2,12.58,1017.9,24.7,98.16,-999,-999,473.8,384.7,-999,-999,-999,-999,-999,-999
CRIMP1_158W_21N,21.428,-157.788,3/17/2008,15:16,476.1,3,13.09,380,2,12.58,1017.6,24.6,97.92,-999,-999,482.5,384.8,-999,-999,-999,-999,-999,-999
CRIMP1_158W_21N,21.428,-157.788,3/17/2008,18:16,518.2,3,13.35,379.3,2,12.77,1019.5,24.6,97.64,-999,-999,525.2,384.2,-999,-999,-999,-999,-999,-999
CRIMP1_158W_21N,21.428,-157.788,3/17/2008,21:16,489.8,2,14.09,379.1,2,12.62,1020.1,24.8,97.49,-999,-999,496.8,383.9,-999,-999,-999,-999,-999,-999
CRIMP1_158W_21N,21.428,-157.788,3/18/2008,0:16,470.5,2,13.86,378.9,2,12.95,1018.3,25.2,97.82,-999,-999,477.2,383.9,-999,-999,-999,-999,-999,-999
CRIMP1_158W_21N,21.428,-157.788,3/18/2008,3:16,452.9,2,13.04,379.2,2,12.43,1017.8,25.3,98.5,-999,-999,458.9,384,-999,-999,-999,-999,-999,-999
CRIMP1_158W_21N,21.428,-157.788,3/18/2008,6:16,461.3,3,12.86,379.6,2,12.63,1019.8,25.2,98.65,-999,-999,467.3,384.4,-999,-999,-999,-999,-999,-999
CRIMP1_158W_21N,21.428,-157.788,3/18/2008,9:16,460.9,3,12.98,379.6,2,12.1,1021,24.9,98.55,-999,-999,466.9,384.3,-999,-999,-999,-999,-999,-999
CRIMP1_158W_21N,21.428,-157.788,3/18/2008,12:16,461.5,3,12.92,380.1,2,12.04,1019.8,24.8,98.46,-999,-999,467.5,384.7,-999,-999,-999,-999,-999,-999
CRIMP1_158W_21N,21.428,-157.788,3/18/2008,15:16,471.6,3,13.15,381.1,2,12.56,1019.1,24.7,98.26,-999,-999,477.9,385.9,-999,-999,-999,-999,-999,-999
CRIMP1_158W_21N,21.428,-157.788,3/18/2008,18:16,489.5,3,13.04,380.7,2,12.46,1020.9,24.6,97.88,-999,-999,495.9,385.5,-999,-999,-999,-999,-999,-999
CRIMP1_158W_21N,21.428,-157.788,3/18/2008,21:16,497.8,2,13.71,380.7,2,12.83,1020.9,24.7,97.78,-999,-999,504.7,385.7,-999,-999,-999,-999,-999,-999
CRIMP1_158W_21N,21.428,-157.788,3/19/2008,0:16,470.7,2,13.6,380.9,2,12.42,1018.9,24.9,97.97,-999,-999,477.2,385.7,-999,-999,-999,-999,-999,-999
CRIMP1_158W_21N,21.428,-157.788,3/19/2008,3:16,456.2,2,13.31,380.7,2,12.42,1018.7,24.9,98.36,-999,-999,462.3,385.5,-999,-999,-999,-999,-999,-999
CRIMP1_158W_21N,21.428,-157.788,3/19/2008,6:16,471.6,3,12.62,381.3,2,12.04,1020.3,24.8,98.46,-999,-999,477.6,386,-999,-999,-999,-999,-999,-999
CRIMP1_158W_21N,21.428,-157.788,3/19/2008,9:16,464.2,3,12.75,381.6,2,12.17,1021.5,24.6,98.41,-999,-999,470.2,386.3,-999,-999,-999,-999,-999,-999
CRIMP1_158W_21N,21.428,-157.788,3/19/2008,12:16,460.8,3,12.32,382,2,11.75,1020.2,24.4,98.36,-999,-999,466.5,386.5,-999,-999,-999,-999,-999,-999
CRIMP1_158W_21N,21.428,-157.788,3/19/2008,15:16,464.5,3,11.98,382.3,2,11.69,1019,24.3,98.17,-999,-999,470.1,386.8,-999,-999,-999,-999,-999,-999
CRIMP1_158W_21N,21.428,-157.788,3/19/2008,18:16,473.5,3,13.59,381.5,2,12.74,1020.3,24.2,97.83,-999,-999,480.1,386.4,-999,-999,-999,-999,-999,-999
CRIMP1_158W_21N,21.428,-157.788,3/19/2008,21:16,477.2,3,14.04,381.6,2,12.61,1020.3,24.4,97.64,-999,-999,484,386.4,-999,-999,-999,-999,-999,-999
CRIMP1_158W_21N,21.428,-157.788,3/20/2008,0:16,467.2,3,13.75,381,2,12.58,1017.9,24.7,97.77,-999,-999,473.7,385.9,-999,-999,-999,-999,-999,-999
CRIMP1_158W_21N,21.428,-157.788,3/20/2008,3:16,469.3,2,13.25,381.7,2,12.07,1017.3,24.8,98.11,-999,-999,475.6,386.3,-999,-999,-999,-999,-999,-999
CRIMP1_158W_21N,21.428,-157.788,3/20/2008,6:16,467.6,3,12.5,382.1,2,11.69,1018.3,24.7,98.36,-999,-999,473.5,386.6,-999,-999,-999,-999,-999,-999
CRIMP1_158W_21N,21.428,-157.788,3/20/2008,9:16,461.9,3,12.71,382.1,2,11.84,1018.6,24.5,98.5,-999,-999,467.9,386.7,-999,-999,-999,-999,-999,-999
CRIMP1_158W_21N,21.428,-157.788,3/20/2008,12:16,463.2,3,12.57,382.3,2,12,1017.4,24.3,98.45,-999,-999,469.1,386.9,-999,-999,-999,-999,-999,-999
CRIMP1_158W_21N,21.428,-157.788,3/20/2008,15:16,468.7,3,12.5,382.4,2,11.64,1017.1,24.2,98.16,-999,-999,474.7,386.9,-999,-999,-999,-999,-999,-999
CRIMP1_158W_21N,21.428,-157.788,3/20/2008,18:16,481.8,3,13.25,381.7,2,12.41,1018.3,24.1,97.87,-999,-999,488.2,386.4,-999,-999,-999,-999,-999,-999
CRIMP1_158W_21N,21.428,-157.788,3/20/2008,21:16,481.3,3,13.41,381.6,2,12.27,1018.7,24.3,97.68,-999,-999,487.8,386.4,-999,-999,-999,-999,-999,-999
CRIMP1_158W_21N,21.428,-157.788,3/21/2008,0:16,460.8,3,13.76,381.5,2,12.3,1016.8,24.7,97.92,-999,-999,467.2,386.3,-999,-999,-999,-999,-999,-999
CRIMP1_158W_21N,21.428,-157.788,3/21/2008,3:16,461.9,3,12.75,382.1,2,11.93,1016.1,25,98.25,-999,-999,467.9,386.7,-999,-999,-999,-999,-999,-999
CRIMP1_158W_21N,21.428,-157.788,3/21/2008,6:16,461.1,3,12.95,381.9,2,12.06,1017.9,24.8,98.55,-999,-999,467.1,386.6,-999,-999,-999,-999,-999,-999
CRIMP1_158W_21N,21.428,-157.788,3/21/2008,9:16,456.3,3,12.78,382,2,12.2,1018.5,24.6,98.6,-999,-999,462.2,386.7,-999,-999,-999,-999,-999,-999
CRIMP1_158W_21N,21.428,-157.788,3/21/2008,12:16,463.4,3,12.72,381.8,2,12.14,1017.5,24.5,98.45,-999,-999,469.4,386.5,-999,-999,-999,-999,-999,-999
CRIMP1_158W_21N,21.428,-157.788,3/21/2008,15:16,468.5,3,12.94,381.9,2,12.36,1017,24.4,98.16,-999,-999,474.7,386.6,-999,-999,-999,-999,-999,-999
CRIMP1_158W_21N,21.428,-157.788,3/21/2008,18:16,474.7,3,13.12,381.6,2,12.55,1018.8,24.3,97.83,-999,-999,481.1,386.4,-999,-999,-999,-999,-999,-999
CRIMP1_158W_21N,21.428,-157.788,3/21/2008,21:16,462,3,13.86,381.3,2,13.07,1019,24.5,97.68,-999,-999,468.5,386.3,-999,-999,-999,-999,-999,-999
CRIMP1_158W_21N,21.428,-157.788,3/22/2008,0:16,456.8,3,13.92,381.2,2,12.44,1017.6,24.9,97.92,-999,-999,463.3,386,-999,-999,-999,-999,-999,-999
CRIMP1_158W_21N,21.428,-157.788,3/22/2008,3:16,448.1,3,13.11,381.4,2,12.21,1017.5,25,98.4,-999,-999,454.1,386.2,-999,-999,-999,-999,-999,-999
CRIMP1_158W_21N,21.428,-157.788,3/22/2008,6:16,463,3,12.72,381.4,2,12.13,1018.7,24.9,98.55,-999,-999,469,386.1,-999,-999,-999,-999,-999,-999
CRIMP1_158W_21N,21.428,-157.788,3/22/2008,9:16,462.3,3,12.56,381.4,2,11.9,1019.3,24.7,98.41,-999,-999,468.2,386,-999,-999,-999,-999,-999,-999
CRIMP1_158W_21N,21.428,-157.788,3/22/2008,12:16,457.9,3,12.35,381.5,2,11.78,1017.8,24.4,98.36,-999,-999,463.7,386.1,-999,-999,-999,-999,-999,-999
CRIMP1_158W_21N,21.428,-157.788,3/22/2008,15:16,469.2,3,11.93,381.9,2,11.36,1017.4,24.1,98.07,-999,-999,474.8,386.3,-999,-999,-999,-999,-999,-999
CRIMP1_158W_21N,21.428,-157.788,3/22/2008,18:16,471.7,3,13.16,380.8,2,13.16,1019,23.9,97.92,-999,-999,478,385.8,-999,-999,-999,-999,-999,-999
CRIMP1_158W_21N,21.428,-157.788,3/22/2008,21:16,466.4,3,13.72,380.6,2,12.96,1019.2,24,97.82,-999,-999,472.9,385.6,-999,-999,-999,-999,-999,-999
CRIMP1_158W_21N,21.428,-157.788,3/23/2008,0:16,458.5,3,13.8,381.3,2,12.36,1017.1,24.4,97.77,-999,-999,464.9,386.1,-999,-999,-999,-999,-999,-999
CRIMP1_158W_21N,21.428,-157.788,3/23/2008,3:16,455.3,3,12.81,381.4,2,12.01,1016.4,24.7,98.16,-999,-999,461.2,386,-999,-999,-999,-999,-999,-999
CRIMP1_158W_21N,21.428,-157.788,3/23/2008,6:16,468.3,3,12.72,381.2,2,11.85,1017.8,24.6,98.31,-999,-999,474.3,385.8,-999,-999,-999,-999,-999,-999
CRIMP1_158W_21N,21.428,-157.788,3/23/2008,9:16,466.6,3,12.92,381.3,2,12.06,1018.6,24.4,98.26,-999,-999,472.7,386,-999,-999,-999,-999,-999,-999
CRIMP1_158W_21N,21.428,-157.788,3/23/2008,12:16,462.7,3,12.85,381.4,2,12,1017.4,24.3,98.11,-999,-999,468.8,386,-999,-999,-999,-999,-999,-999
CRIMP1_158W_21N,21.428,-157.788,3/23/2008,15:16,462.9,3,12.5,381.4,2,11.93,1017.1,24.2,97.97,-999,-999,468.8,386,-999,-999,-999,-999,-999,-999
CRIMP1_158W_21N,21.428,-157.788,3/23/2008,18:16,472,3,13.82,380.7,2,12.48,1018.4,24.1,97.73,-999,-999,478.6,385.5,-999,-999,-999,-999,-999,-999
CRIMP1_158W_21N,21.428,-157.788,3/23/2008,21:16,468.3,3,13.58,380.4,2,12.43,1017.9,24.5,97.58,-999,-999,474.7,385.2,-999,-999,-999,-999,-999,-999
CRIMP1_158W_21N,21.428,-157.788,3/24/2008,0:16,464.7,2,13.64,380.6,2,12.16,1016,24.9,97.82,-999,-999,471.1,385.3,-999,-999,-999,-999,-999,-999
CRIMP1_158W_21N,21.428,-157.788,3/24/2008,3:16,451.9,3,13.22,380.3,2,12.01,1015.3,25.1,98.11,-999,-999,458,385,-999,-999,-999,-999,-999,-999
CRIMP1_158W_21N,21.428,-157.788,3/24/2008,6:16,458.2,3,12.75,380.7,2,11.86,1016.3,24.9,98.45,-999,-999,464.1,385.3,-999,-999,-999,-999,-999,-999
CRIMP1_158W_21N,21.428,-157.788,3/24/2008,9:16,453.2,3,12.8,380.8,2,12,1017,24.6,98.65,-999,-999,459.1,385.4,-999,-999,-999,-999,-999,-999
CRIMP1_158W_21N,21.428,-157.788,3/24/2008,12:16,458.4,3,12.74,380.6,2,12.16,1015.7,24.5,98.55,-999,-999,464.3,385.3,-999,-999,-999,-999,-999,-999
CRIMP1_158W_21N,21.428,-157.788,3/24/2008,15:16,467.3,3,12.59,380.4,2,12.02,1015.5,24.3,98.36,-999,-999,473.3,385.1,-999,-999,-999,-999,-999,-999
CRIMP1_158W_21N,21.428,-157.788,3/24/2008,18:16,472,3,13.71,380.1,2,12.57,1017.5,24.3,98.02,-999,-999,478.6,384.9,-999,-999,-999,-999,-999,-999
CRIMP1_158W_21N,21.428,-157.788,3/24/2008,21:16,483,3,14.54,379.7,2,12.79,1017.8,24.6,97.78,-999,-999,490.2,384.7,-999,-999,-999,-999,-999,-999
CRIMP1_158W_21N,21.428,-157.788,3/25/2008,0:16,461.6,3,14.49,379.8,2,12.68,1016,25.2,97.97,-999,-999,468.4,384.6,-999,-999,-999,-999,-999,-999
CRIMP1_158W_21N,21.428,-157.788,3/25/2008,3:16,455.7,3,13.22,380,2,12.3,1016,25.5,98.35,-999,-999,461.8,384.8,-999,-999,-999,-999,-999,-999
CRIMP1_158W_21N,21.428,-157.788,3/25/2008,6:16,458.9,3,12.73,379.9,2,12.12,1018.3,25.3,98.75,-999,-999,464.8,384.6,-999,-999,-999,-999,-999,-999
CRIMP1_158W_21N,21.428,-157.788,3/25/2008,9:16,465.7,3,12.79,380.3,2,12.19,1019.4,25.1,98.75,-999,-999,471.7,385,-999,-999,-999,-999,-999,-999
CRIMP1_158W_21N,21.428,-157.788,3/25/2008,12:16,460,3,13.02,380.9,2,12.14,1017.9,24.9,98.7,-999,-999,466.1,385.6,-999,-999,-999,-999,-999,-999
CRIMP1_158W_21N,21.428,-157.788,3/25/2008,15:16,473.7,3,12.87,380.5,2,12.29,1017.4,24.7,98.41,-999,-999,479.9,385.2,-999,-999,-999,-999,-999,-999
CRIMP1_158W_21N,21.428,-157.788,3/25/2008,18:16,481.7,3,14.23,379.6,2,13.07,1019.1,24.6,97.97,-999,-999,488.6,384.6,-999,-999,-999,-999,-999,-999
CRIMP1_158W_21N,21.428,-157.788,3/25/2008,21:16,476.1,3,15.05,379.7,2,12.94,1019.3,25.1,97.83,-999,-999,483.4,384.7,-999,-999,-999,-999,-999,-999
CRIMP1_158W_21N,21.428,-157.788,3/26/2008,0:16,471.7,3,14.38,380.4,2,12.5,1017.4,25.8,97.97,-999,-999,478.6,385.2,-999,-999,-999,-999,-999,-999
CRIMP1_158W_21N,21.428,-157.788,3/26/2008,3:16,455.9,3,13.83,380.5,2,12.26,1017.6,26,98.74,-999,-999,462.3,385.2,-999,-999,-999,-999,-999,-999
CRIMP1_158W_21N,21.428,-157.788,3/26/2008,6:16,461.2,3,13.02,380.7,2,11.78,1019.5,25.7,98.99,-999,-999,467.3,385.2,-999,-999,-999,-999,-999,-999
CRIMP1_158W_21N,21.428,-157.788,3/26/2008,9:16,465.8,3,13.3,381.2,2,12.39,1020.9,25.3,98.94,-999,-999,472,386,-999,-999,-999,-999,-999,-999
CRIMP1_158W_21N,21.428,-157.788,3/26/2008,12:16,456.1,3,13.08,380.9,2,12.19,1019.5,25,98.84,-999,-999,462.2,385.6,-999,-999,-999,-999,-999,-999
CRIMP1_158W_21N,21.428,-157.788,3/26/2008,15:16,461.5,3,12.63,380.8,2,11.46,1019.3,24.8,98.65,-999,-999,467.4,385.2,-999,-999,-999,-999,-999,-999
CRIMP1_158W_21N,21.428,-157.788,3/26/2008,18:16,468.4,3,14.21,380.3,2,12.76,1020.6,24.6,98.31,-999,-999,475.1,385.3,-999,-999,-999,-999,-999,-999
CRIMP1_158W_21N,21.428,-157.788,3/26/2008,21:16,471.6,3,14.75,380.4,2,12.09,1021.4,24.8,98.03,-999,-999,478.6,385.1,-999,-999,-999,-999,-999,-999
CRIMP1_158W_21N,21.428,-157.788,3/27/2008,0:16,481.7,3,14.92,380.1,2,12.49,1019.3,25.4,98.07,-999,-999,489,384.9,-999,-999,-999,-999,-999,-999
CRIMP1_158W_21N,21.428,-157.788,3/27/2008,3:16,458.4,2,14.67,380.4,2,12.49,1018.7,25.8,98.31,-999,-999,465.3,385.2,-999,-999,-999,-999,-999,-999
CRIMP1_158W_21N,21.428,-157.788,3/27/2008,6:16,451.3,3,12.47,380.9,2,11.22,1019.8,25.9,98.79,-999,-999,457,385.2,-999,-999,-999,-999,-999,-999
CRIMP1_158W_21N,21.428,-157.788,3/27/2008,9:16,450,3,12.77,381,2,11.85,1021.4,25.5,98.85,-999,-999,455.8,385.6,-999,-999,-999,-999,-999,-999
CRIMP1_158W_21N,21.428,-157.788,3/27/2008,12:16,454.8,3,12.94,380.7,2,12.03,1019.7,25.2,98.94,-999,-999,460.7,385.3,-999,-999,-999,-999,-999,-999
CRIMP1_158W_21N,21.428,-157.788,3/27/2008,15:16,461.7,3,13,380.8,2,12.12,1019.4,24.9,98.75,-999,-999,467.8,385.5,-999,-999,-999,-999,-999,-999
CRIMP1_158W_21N,21.428,-157.788,3/27/2008,18:16,472.9,3,13.79,380.4,2,12.61,1021,24.8,98.36,-999,-999,479.5,385.3,-999,-999,-999,-999,-999,-999
CRIMP1_158W_21N,21.428,-157.788,3/27/2008,21:16,474.3,3,14.55,380.4,2,12.77,1020.6,24.9,98.07,-999,-999,481.3,385.3,-999,-999,-999,-999,-999,-999
CRIMP1_158W_21N,21.428,-157.788,3/28/2008,0:16,478,3,14.63,380.6,2,12.19,1018.7,25.4,97.97,-999,-999,485.1,385.3,-999,-999,-999,-999,-999,-999
CRIMP1_158W_21N,21.428,-157.788,3/28/2008,3:16,473.3,3,13.82,380.4,2,11.94,1018.1,25.9,98.11,-999,-999,480,385,-999,-999,-999,-999,-999,-999
CRIMP1_158W_21N,21.428,-157.788,3/28/2008,6:16,461.3,3,12.94,380.4,2,12.02,1019.7,25.7,98.31,-999,-999,467.3,385.1,-999,-999,-999,-999,-999,-999
CRIMP1_158W_21N,21.428,-157.788,3/28/2008,9:16,459.3,3,13.31,380.4,2,12.1,1020.2,25.4,98.36,-999,-999,465.5,385,-999,-999,-999,-999,-999,-999
CRIMP1_158W_21N,21.428,-157.788,3/28/2008,12:16,459.5,3,13.17,380.6,2,12.27,1019,25.1,98.5,-999,-999,465.6,385.3,-999,-999,-999,-999,-999,-999
CRIMP1_158W_21N,21.428,-157.788,3/28/2008,15:16,482.6,3,13.02,380.4,2,12.13,1018.4,24.9,98.21,-999,-999,488.9,385.1,-999,-999,-999,-999,-999,-999
CRIMP1_158W_21N,21.428,-157.788,3/28/2008,18:16,486.9,3,14.1,380,2,12.63,1019.9,24.8,97.88,-999,-999,493.9,384.9,-999,-999,-999,-999,-999,-999
CRIMP1_158W_21N,21.428,-157.788,3/28/2008,21:16,487.7,3,13.97,379.7,2,12.78,1019.7,24.9,97.59,-999,-999,494.6,384.6,-999,-999,-999,-999,-999,-999
CRIMP1_158W_21N,21.428,-157.788,3/29/2008,0:16,491.4,3,14.26,380,2,12.74,1017.5,25.3,97.43,-999,-999,498.5,384.9,-999,-999,-999,-999,-999,-999
CRIMP1_158W_21N,21.428,-157.788,3/29/2008,3:16,469.2,3,13.44,380,2,12.21,1016.7,25.4,97.82,-999,-999,475.6,384.7,-999,-999,-999,-999,-999,-999
CRIMP1_158W_21N,21.428,-157.788,3/29/2008,6:16,458.6,3,12.96,380.3,2,12.05,1018.2,25.2,98.12,-999,-999,464.6,384.9,-999,-999,-999,-999,-999,-999
CRIMP1_158W_21N,21.428,-157.788,3/29/2008,9:16,461.2,3,12.79,380.3,2,11.89,1019.4,25,97.97,-999,-999,467.1,384.9,-999,-999,-999,-999,-999,-999
CRIMP1_158W_21N,21.428,-157.788,3/29/2008,12:16,472,3,12.94,380.6,2,12.06,1018.4,24.8,97.97,-999,-999,478.2,385.2,-999,-999,-999,-999,-999,-999
CRIMP1_158W_21N,21.428,-157.788,3/29/2008,15:16,479.2,3,12.86,380.3,2,12.28,1018.2,24.7,97.73,-999,-999,485.4,385,-999,-999,-999,-999,-999,-999
CRIMP1_158W_21N,21.428,-157.788,3/29/2008,18:16,480.8,3,13.64,380,2,12.48,1019.5,24.6,97.59,-999,-999,487.4,384.8,-999,-999,-999,-999,-999,-999
CRIMP1_158W_21N,21.428,-157.788,3/29/2008,21:16,476.9,3,14.18,379.7,2,12.7,1020.2,24.9,97.54,-999,-999,483.8,384.6,-999,-999,-999,-999,-999,-999
CRIMP1_158W_21N,21.428,-157.788,3/30/2008,0:16,479,3,13.64,379.9,2,12.42,1018.4,25.3,97.53,-999,-999,485.6,384.7,-999,-999,-999,-999,-999,-999
CRIMP1_158W_21N,21.428,-157.788,3/30/2008,3:16,474.9,3,13.03,379.9,2,12.5,1018.6,25.4,97.73,-999,-999,481.2,384.7,-999,-999,-999,-999,-999,-999
CRIMP1_158W_21N,21.428,-157.788,3/30/2008,6:16,476.5,3,12.55,380.6,2,11.65,1020.5,25.1,98.02,-999,-999,482.5,385.1,-999,-999,-999,-999,-999,-999
CRIMP1_158W_21N,21.428,-157.788,3/30/2008,9:16,474.1,3,12.68,380.3,2,11.8,1021.5,24.9,97.93,-999,-999,480.2,384.9,-999,-999,-999,-999,-999,-999
CRIMP1_158W_21N,21.428,-157.788,3/30/2008,12:16,472.6,3,12.55,380.3,2,11.97,1020,24.7,97.88,-999,-999,478.6,384.9,-999,-999,-999,-999,-999,-999
CRIMP1_158W_21N,21.428,-157.788,3/30/2008,15:16,480.2,3,12.4,380.2,2,11.83,1019.8,24.5,97.59,-999,-999,486.2,384.7,-999,-999,-999,-999,-999,-999
CRIMP1_158W_21N,21.428,-157.788,3/30/2008,18:16,480.2,3,13.16,380.9,2,11.45,1021.7,24.4,97.4,-999,-999,486.6,385.3,-999,-999,-999,-999,-999,-999
CRIMP1_158W_21N,21.428,-157.788,3/30/2008,21:16,487.3,3,13.69,380.1,2,11.94,1022.1,24.6,97.3,-999,-999,494.1,384.7,-999,-999,-999,-999,-999,-999
CRIMP1_158W_21N,21.428,-157.788,3/31/2008,0:16,478,3,13.74,379.9,2,11.95,1020.6,25.1,97.39,-999,-999,484.6,384.5,-999,-999,-999,-999,-999,-999
CRIMP1_158W_21N,21.428,-157.788,3/31/2008,3:16,474.8,3,13.6,380,2,12.09,1021,25.3,97.64,-999,-999,481.4,384.6,-999,-999,-999,-999,-999,-999
CRIMP1_158W_21N,21.428,-157.788,3/31/2008,6:16,477.3,3,12.23,380.2,2,11.63,1022.3,25.2,97.83,-999,-999,483.2,384.7,-999,-999,-999,-999,-999,-999
CRIMP1_158W_21N,21.428,-157.788,3/31/2008,9:16,469.5,3,12.59,380.2,2,12.08,1022.7,24.9,97.88,-999,-999,475.5,384.9,-999,-999,-999,-999,-999,-999
CRIMP1_158W_21N,21.428,-157.788,3/31/2008,12:16,469.8,3,12.75,380.4,2,11.88,1021.5,24.6,97.74,-999,-999,475.8,384.9,-999,-999,-999,-999,-999,-999
CRIMP1_158W_21N,21.428,-157.788,3/31/2008,15:16,481.4,3,12.38,380.5,2,11.52,1021.5,24.5,97.64,-999,-999,487.4,385,-999,-999,-999,-999,-999,-999
CRIMP1_158W_21N,21.428,-157.788,3/31/2008,18:16,479.5,3,12.86,380.5,2,11.72,1023,24.3,97.55,-999,-999,485.7,385,-999,-999,-999,-999,-999,-999
CRIMP1_158W_21N,21.428,-157.788,3/31/2008,21:16,462.4,3,13.8,380.3,2,12.08,1022.9,24.5,97.64,-999,-999,468.9,384.9,-999,-999,-999,-999,-999,-999
CRIMP1_158W_21N,21.428,-157.788,4/1/2008,0:16,464.7,3,13.5,380.4,2,12.03,1020.8,24.8,97.78,-999,-999,471.1,385.1,-999,-999,-999,-999,-999,-999
CRIMP1_158W_21N,21.428,-157.788,4/1/2008,3:16,479.8,3,12.91,380.4,2,11.73,1020.9,24.8,98.07,-999,-999,486,385,-999,-999,-999,-999,-999,-999
CRIMP1_158W_21N,21.428,-157.788,4/1/2008,6:16,463.5,3,12.16,380.4,2,11.65,1022.5,24.6,98.12,-999,-999,469.2,384.8,-999,-999,-999,-999,-999,-999
CRIMP1_158W_21N,21.428,-157.788,4/1/2008,9:16,458.8,3,12.29,380.4,2,11.72,1023,24.4,98.03,-999,-999,464.5,384.9,-999,-999,-999,-999,-999,-999
CRIMP1_158W_21N,21.428,-157.788,4/1/2008,12:16,472,3,11.95,380.6,2,11.67,1021.4,24.3,98.07,-999,-999,477.7,385.1,-999,-999,-999,-999,-999,-999
CRIMP1_158W_21N,21.428,-157.788,4/1/2008,15:16,475.4,2,12.1,380.6,2,11.25,1020.7,24.1,97.88,-999,-999,481.2,384.9,-999,-999,-999,-999,-999,-999
CRIMP1_158W_21N,21.428,-157.788,4/1/2008,18:16,473.6,2,12.84,380.4,2,11.72,1022.7,24,97.74,-999,-999,479.8,384.9,-999,-999,-999,-999,-999,-999
CRIMP1_158W_21N,21.428,-157.788,4/1/2008,21:16,466.2,2,13.64,380.5,2,11.94,1022.5,24.3,97.83,-999,-999,472.6,385.1,-999,-999,-999,-999,-999,-999
CRIMP1_158W_21N,21.428,-157.788,4/2/2008,0:16,465.4,2,13.21,380.3,2,11.74,1020.2,24.8,97.97,-999,-999,471.6,384.8,-999,-999,-999,-999,-999,-999
CRIMP1_158W_21N,21.428,-157.788,4/2/2008,3:16,465.6,2,13.68,380.1,2,12.26,1019.5,25.1,98.31,-999,-999,472,384.8,-999,-999,-999,-999,-999,-999
CRIMP1_158W_21N,21.428,-157.788,4/2/2008,6:16,462.2,2,12.47,380.3,2,11.58,1021.1,25,98.6,-999,-999,468.1,384.7,-999,-999,-999,-999,-999,-999
CRIMP1_158W_21N,21.428,-157.788,4/2/2008,9:16,450.5,2,11.95,380.3,2,11.66,1021.1,24.7,98.75,-999,-999,456,384.8,-999,-999,-999,-999,-999,-999
CRIMP1_158W_21N,21.428,-157.788,4/2/2008,12:16,446.4,2,12.99,380.5,2,12.12,1019.1,24.5,98.74,-999,-999,452.3,385.2,-999,-999,-999,-999,-999,-999
CRIMP1_158W_21N,21.428,-157.788,4/2/2008,15:16,461.2,2,12.26,380.8,2,11.41,1019.2,24.3,98.55,-999,-999,466.9,385.2,-999,-999,-999,-999,-999,-999
CRIMP1_158W_21N,21.428,-157.788,4/2/2008,18:16,456.7,2,12.37,381.4,2,10.97,1021.2,24.1,98.31,-999,-999,462.4,385.6,-999,-999,-999,-999,-999,-999
